Language	Voice type	Language code	Voice name	SSML Gender
af-ZA	Premium	af-ZA	af-ZA-Chirp3-HD-Achernar	FEMALE
af-ZA	Premium	af-ZA	af-ZA-Chirp3-HD-Achird	MALE
af-ZA	Premium	af-ZA	af-ZA-Chirp3-HD-Algenib	MALE
af-ZA	Premium	af-ZA	af-ZA-Chirp3-HD-Algieba	MALE
af-ZA	Premium	af-ZA	af-ZA-Chirp3-HD-Alnilam	MALE
af-ZA	Premium	af-ZA	af-ZA-Chirp3-HD-Aoede	FEMALE
af-ZA	Premium	af-ZA	af-ZA-Chirp3-HD-Autonoe	FEMALE
af-ZA	Premium	af-ZA	af-ZA-Chirp3-HD-Callirrhoe	FEMALE
af-ZA	Premium	af-ZA	af-ZA-Chirp3-HD-Charon	MALE
af-ZA	Premium	af-ZA	af-ZA-Chirp3-HD-Despina	FEMALE
af-ZA	Premium	af-ZA	af-ZA-Chirp3-HD-Enceladus	MALE
af-ZA	Premium	af-ZA	af-ZA-Chirp3-HD-Erinome	FEMALE
af-ZA	Premium	af-ZA	af-ZA-Chirp3-HD-Fenrir	MALE
af-ZA	Premium	af-ZA	af-ZA-Chirp3-HD-Gacrux	FEMALE
af-ZA	Premium	af-ZA	af-ZA-Chirp3-HD-Iapetus	MALE
af-ZA	Premium	af-ZA	af-ZA-Chirp3-HD-Kore	FEMALE
af-ZA	Premium	af-ZA	af-ZA-Chirp3-HD-Laomedeia	FEMALE
af-ZA	Premium	af-ZA	af-ZA-Chirp3-HD-Leda	FEMALE
af-ZA	Premium	af-ZA	af-ZA-Chirp3-HD-Orus	MALE
af-ZA	Premium	af-ZA	af-ZA-Chirp3-HD-Puck	MALE
af-ZA	Premium	af-ZA	af-ZA-Chirp3-HD-Pulcherrima	FEMALE
af-ZA	Premium	af-ZA	af-ZA-Chirp3-HD-Rasalgethi	MALE
af-ZA	Premium	af-ZA	af-ZA-Chirp3-HD-Sadachbia	MALE
af-ZA	Premium	af-ZA	af-ZA-Chirp3-HD-Sadaltager	MALE
af-ZA	Premium	af-ZA	af-ZA-Chirp3-HD-Schedar	MALE
af-ZA	Premium	af-ZA	af-ZA-Chirp3-HD-Sulafat	FEMALE
af-ZA	Premium	af-ZA	af-ZA-Chirp3-HD-Umbriel	MALE
af-ZA	Premium	af-ZA	af-ZA-Chirp3-HD-Vindemiatrix	FEMALE
af-ZA	Premium	af-ZA	af-ZA-Chirp3-HD-Zephyr	FEMALE
af-ZA	Premium	af-ZA	af-ZA-Chirp3-HD-Zubenelgenubi	MALE
ar-XA	Premium	ar-XA	ar-XA-Chirp3-HD-Achernar	FEMALE
ar-XA	Premium	ar-XA	ar-XA-Chirp3-HD-Achird	MALE
ar-XA	Premium	ar-XA	ar-XA-Chirp3-HD-Algenib	MALE
ar-XA	Premium	ar-XA	ar-XA-Chirp3-HD-Algieba	MALE
ar-XA	Premium	ar-XA	ar-XA-Chirp3-HD-Alnilam	MALE
ar-XA	Premium	ar-XA	ar-XA-Chirp3-HD-Aoede	FEMALE
ar-XA	Premium	ar-XA	ar-XA-Chirp3-HD-Autonoe	FEMALE
ar-XA	Premium	ar-XA	ar-XA-Chirp3-HD-Callirrhoe	FEMALE
ar-XA	Premium	ar-XA	ar-XA-Chirp3-HD-Charon	MALE
ar-XA	Premium	ar-XA	ar-XA-Chirp3-HD-Despina	FEMALE
ar-XA	Premium	ar-XA	ar-XA-Chirp3-HD-Enceladus	MALE
ar-XA	Premium	ar-XA	ar-XA-Chirp3-HD-Erinome	FEMALE
ar-XA	Premium	ar-XA	ar-XA-Chirp3-HD-Fenrir	MALE
ar-XA	Premium	ar-XA	ar-XA-Chirp3-HD-Gacrux	FEMALE
ar-XA	Premium	ar-XA	ar-XA-Chirp3-HD-Iapetus	MALE
ar-XA	Premium	ar-XA	ar-XA-Chirp3-HD-Kore	FEMALE
ar-XA	Premium	ar-XA	ar-XA-Chirp3-HD-Laomedeia	FEMALE
ar-XA	Premium	ar-XA	ar-XA-Chirp3-HD-Leda	FEMALE
ar-XA	Premium	ar-XA	ar-XA-Chirp3-HD-Orus	MALE
ar-XA	Premium	ar-XA	ar-XA-Chirp3-HD-Puck	MALE
ar-XA	Premium	ar-XA	ar-XA-Chirp3-HD-Pulcherrima	FEMALE
ar-XA	Premium	ar-XA	ar-XA-Chirp3-HD-Rasalgethi	MALE
ar-XA	Premium	ar-XA	ar-XA-Chirp3-HD-Sadachbia	MALE
ar-XA	Premium	ar-XA	ar-XA-Chirp3-HD-Sadaltager	MALE
ar-XA	Premium	ar-XA	ar-XA-Chirp3-HD-Schedar	MALE
ar-XA	Premium	ar-XA	ar-XA-Chirp3-HD-Sulafat	FEMALE
ar-XA	Premium	ar-XA	ar-XA-Chirp3-HD-Umbriel	MALE
ar-XA	Premium	ar-XA	ar-XA-Chirp3-HD-Vindemiatrix	FEMALE
ar-XA	Premium	ar-XA	ar-XA-Chirp3-HD-Zephyr	FEMALE
ar-XA	Premium	ar-XA	ar-XA-Chirp3-HD-Zubenelgenubi	MALE
bn-IN	Premium	bn-IN	bn-IN-Chirp3-HD-Achernar	FEMALE
bn-IN	Premium	bn-IN	bn-IN-Chirp3-HD-Achird	MALE
bn-IN	Premium	bn-IN	bn-IN-Chirp3-HD-Algenib	MALE
bn-IN	Premium	bn-IN	bn-IN-Chirp3-HD-Algieba	MALE
bn-IN	Premium	bn-IN	bn-IN-Chirp3-HD-Alnilam	MALE
bn-IN	Premium	bn-IN	bn-IN-Chirp3-HD-Aoede	FEMALE
bn-IN	Premium	bn-IN	bn-IN-Chirp3-HD-Autonoe	FEMALE
bn-IN	Premium	bn-IN	bn-IN-Chirp3-HD-Callirrhoe	FEMALE
bn-IN	Premium	bn-IN	bn-IN-Chirp3-HD-Charon	MALE
bn-IN	Premium	bn-IN	bn-IN-Chirp3-HD-Despina	FEMALE
bn-IN	Premium	bn-IN	bn-IN-Chirp3-HD-Enceladus	MALE
bn-IN	Premium	bn-IN	bn-IN-Chirp3-HD-Erinome	FEMALE
bn-IN	Premium	bn-IN	bn-IN-Chirp3-HD-Fenrir	MALE
bn-IN	Premium	bn-IN	bn-IN-Chirp3-HD-Gacrux	FEMALE
bn-IN	Premium	bn-IN	bn-IN-Chirp3-HD-Iapetus	MALE
bn-IN	Premium	bn-IN	bn-IN-Chirp3-HD-Kore	FEMALE
bn-IN	Premium	bn-IN	bn-IN-Chirp3-HD-Laomedeia	FEMALE
bn-IN	Premium	bn-IN	bn-IN-Chirp3-HD-Leda	FEMALE
bn-IN	Premium	bn-IN	bn-IN-Chirp3-HD-Orus	MALE
bn-IN	Premium	bn-IN	bn-IN-Chirp3-HD-Puck	MALE
bn-IN	Premium	bn-IN	bn-IN-Chirp3-HD-Pulcherrima	FEMALE
bn-IN	Premium	bn-IN	bn-IN-Chirp3-HD-Rasalgethi	MALE
bn-IN	Premium	bn-IN	bn-IN-Chirp3-HD-Sadachbia	MALE
bn-IN	Premium	bn-IN	bn-IN-Chirp3-HD-Sadaltager	MALE
bn-IN	Premium	bn-IN	bn-IN-Chirp3-HD-Schedar	MALE
bn-IN	Premium	bn-IN	bn-IN-Chirp3-HD-Sulafat	FEMALE
bn-IN	Premium	bn-IN	bn-IN-Chirp3-HD-Umbriel	MALE
bn-IN	Premium	bn-IN	bn-IN-Chirp3-HD-Vindemiatrix	FEMALE
bn-IN	Premium	bn-IN	bn-IN-Chirp3-HD-Zephyr	FEMALE
bn-IN	Premium	bn-IN	bn-IN-Chirp3-HD-Zubenelgenubi	MALE
bg-BG	Premium	bg-BG	bg-BG-Chirp3-HD-Achernar	FEMALE
bg-BG	Premium	bg-BG	bg-BG-Chirp3-HD-Achird	MALE
bg-BG	Premium	bg-BG	bg-BG-Chirp3-HD-Algenib	MALE
bg-BG	Premium	bg-BG	bg-BG-Chirp3-HD-Algieba	MALE
bg-BG	Premium	bg-BG	bg-BG-Chirp3-HD-Alnilam	MALE
bg-BG	Premium	bg-BG	bg-BG-Chirp3-HD-Aoede	FEMALE
bg-BG	Premium	bg-BG	bg-BG-Chirp3-HD-Autonoe	FEMALE
bg-BG	Premium	bg-BG	bg-BG-Chirp3-HD-Callirrhoe	FEMALE
bg-BG	Premium	bg-BG	bg-BG-Chirp3-HD-Charon	MALE
bg-BG	Premium	bg-BG	bg-BG-Chirp3-HD-Despina	FEMALE
bg-BG	Premium	bg-BG	bg-BG-Chirp3-HD-Enceladus	MALE
bg-BG	Premium	bg-BG	bg-BG-Chirp3-HD-Erinome	FEMALE
bg-BG	Premium	bg-BG	bg-BG-Chirp3-HD-Fenrir	MALE
bg-BG	Premium	bg-BG	bg-BG-Chirp3-HD-Gacrux	FEMALE
bg-BG	Premium	bg-BG	bg-BG-Chirp3-HD-Iapetus	MALE
bg-BG	Premium	bg-BG	bg-BG-Chirp3-HD-Kore	FEMALE
bg-BG	Premium	bg-BG	bg-BG-Chirp3-HD-Laomedeia	FEMALE
bg-BG	Premium	bg-BG	bg-BG-Chirp3-HD-Leda	FEMALE
bg-BG	Premium	bg-BG	bg-BG-Chirp3-HD-Orus	MALE
bg-BG	Premium	bg-BG	bg-BG-Chirp3-HD-Puck	MALE
bg-BG	Premium	bg-BG	bg-BG-Chirp3-HD-Pulcherrima	FEMALE
bg-BG	Premium	bg-BG	bg-BG-Chirp3-HD-Rasalgethi	MALE
bg-BG	Premium	bg-BG	bg-BG-Chirp3-HD-Sadachbia	MALE
bg-BG	Premium	bg-BG	bg-BG-Chirp3-HD-Sadaltager	MALE
bg-BG	Premium	bg-BG	bg-BG-Chirp3-HD-Schedar	MALE
bg-BG	Premium	bg-BG	bg-BG-Chirp3-HD-Sulafat	FEMALE
bg-BG	Premium	bg-BG	bg-BG-Chirp3-HD-Umbriel	MALE
bg-BG	Premium	bg-BG	bg-BG-Chirp3-HD-Vindemiatrix	FEMALE
bg-BG	Premium	bg-BG	bg-BG-Chirp3-HD-Zephyr	FEMALE
bg-BG	Premium	bg-BG	bg-BG-Chirp3-HD-Zubenelgenubi	MALE
yue-HK	Premium	yue-HK	yue-HK-Chirp3-HD-Achernar	FEMALE
yue-HK	Premium	yue-HK	yue-HK-Chirp3-HD-Achird	MALE
yue-HK	Premium	yue-HK	yue-HK-Chirp3-HD-Algenib	MALE
yue-HK	Premium	yue-HK	yue-HK-Chirp3-HD-Algieba	MALE
yue-HK	Premium	yue-HK	yue-HK-Chirp3-HD-Alnilam	MALE
yue-HK	Premium	yue-HK	yue-HK-Chirp3-HD-Aoede	FEMALE
yue-HK	Premium	yue-HK	yue-HK-Chirp3-HD-Autonoe	FEMALE
yue-HK	Premium	yue-HK	yue-HK-Chirp3-HD-Callirrhoe	FEMALE
yue-HK	Premium	yue-HK	yue-HK-Chirp3-HD-Charon	MALE
yue-HK	Premium	yue-HK	yue-HK-Chirp3-HD-Despina	FEMALE
yue-HK	Premium	yue-HK	yue-HK-Chirp3-HD-Enceladus	MALE
yue-HK	Premium	yue-HK	yue-HK-Chirp3-HD-Erinome	FEMALE
yue-HK	Premium	yue-HK	yue-HK-Chirp3-HD-Fenrir	MALE
yue-HK	Premium	yue-HK	yue-HK-Chirp3-HD-Gacrux	FEMALE
yue-HK	Premium	yue-HK	yue-HK-Chirp3-HD-Iapetus	MALE
yue-HK	Premium	yue-HK	yue-HK-Chirp3-HD-Kore	FEMALE
yue-HK	Premium	yue-HK	yue-HK-Chirp3-HD-Laomedeia	FEMALE
yue-HK	Premium	yue-HK	yue-HK-Chirp3-HD-Leda	FEMALE
yue-HK	Premium	yue-HK	yue-HK-Chirp3-HD-Orus	MALE
yue-HK	Premium	yue-HK	yue-HK-Chirp3-HD-Puck	MALE
yue-HK	Premium	yue-HK	yue-HK-Chirp3-HD-Pulcherrima	FEMALE
yue-HK	Premium	yue-HK	yue-HK-Chirp3-HD-Rasalgethi	MALE
yue-HK	Premium	yue-HK	yue-HK-Chirp3-HD-Sadachbia	MALE
yue-HK	Premium	yue-HK	yue-HK-Chirp3-HD-Sadaltager	MALE
yue-HK	Premium	yue-HK	yue-HK-Chirp3-HD-Schedar	MALE
yue-HK	Premium	yue-HK	yue-HK-Chirp3-HD-Sulafat	FEMALE
yue-HK	Premium	yue-HK	yue-HK-Chirp3-HD-Umbriel	MALE
yue-HK	Premium	yue-HK	yue-HK-Chirp3-HD-Vindemiatrix	FEMALE
yue-HK	Premium	yue-HK	yue-HK-Chirp3-HD-Zephyr	FEMALE
yue-HK	Premium	yue-HK	yue-HK-Chirp3-HD-Zubenelgenubi	MALE
hr-HR	Premium	hr-HR	hr-HR-Chirp3-HD-Achernar	FEMALE
hr-HR	Premium	hr-HR	hr-HR-Chirp3-HD-Achird	MALE
hr-HR	Premium	hr-HR	hr-HR-Chirp3-HD-Algenib	MALE
hr-HR	Premium	hr-HR	hr-HR-Chirp3-HD-Algieba	MALE
hr-HR	Premium	hr-HR	hr-HR-Chirp3-HD-Alnilam	MALE
hr-HR	Premium	hr-HR	hr-HR-Chirp3-HD-Aoede	FEMALE
hr-HR	Premium	hr-HR	hr-HR-Chirp3-HD-Autonoe	FEMALE
hr-HR	Premium	hr-HR	hr-HR-Chirp3-HD-Callirrhoe	FEMALE
hr-HR	Premium	hr-HR	hr-HR-Chirp3-HD-Charon	MALE
hr-HR	Premium	hr-HR	hr-HR-Chirp3-HD-Despina	FEMALE
hr-HR	Premium	hr-HR	hr-HR-Chirp3-HD-Enceladus	MALE
hr-HR	Premium	hr-HR	hr-HR-Chirp3-HD-Erinome	FEMALE
hr-HR	Premium	hr-HR	hr-HR-Chirp3-HD-Fenrir	MALE
hr-HR	Premium	hr-HR	hr-HR-Chirp3-HD-Gacrux	FEMALE
hr-HR	Premium	hr-HR	hr-HR-Chirp3-HD-Iapetus	MALE
hr-HR	Premium	hr-HR	hr-HR-Chirp3-HD-Kore	FEMALE
hr-HR	Premium	hr-HR	hr-HR-Chirp3-HD-Laomedeia	FEMALE
hr-HR	Premium	hr-HR	hr-HR-Chirp3-HD-Leda	FEMALE
hr-HR	Premium	hr-HR	hr-HR-Chirp3-HD-Orus	MALE
hr-HR	Premium	hr-HR	hr-HR-Chirp3-HD-Puck	MALE
hr-HR	Premium	hr-HR	hr-HR-Chirp3-HD-Pulcherrima	FEMALE
hr-HR	Premium	hr-HR	hr-HR-Chirp3-HD-Rasalgethi	MALE
hr-HR	Premium	hr-HR	hr-HR-Chirp3-HD-Sadachbia	MALE
hr-HR	Premium	hr-HR	hr-HR-Chirp3-HD-Sadaltager	MALE
hr-HR	Premium	hr-HR	hr-HR-Chirp3-HD-Schedar	MALE
hr-HR	Premium	hr-HR	hr-HR-Chirp3-HD-Sulafat	FEMALE
hr-HR	Premium	hr-HR	hr-HR-Chirp3-HD-Umbriel	MALE
hr-HR	Premium	hr-HR	hr-HR-Chirp3-HD-Vindemiatrix	FEMALE
hr-HR	Premium	hr-HR	hr-HR-Chirp3-HD-Zephyr	FEMALE
hr-HR	Premium	hr-HR	hr-HR-Chirp3-HD-Zubenelgenubi	MALE
cs-CZ	Premium	cs-CZ	cs-CZ-Chirp3-HD-Achernar	FEMALE
cs-CZ	Premium	cs-CZ	cs-CZ-Chirp3-HD-Achird	MALE
cs-CZ	Premium	cs-CZ	cs-CZ-Chirp3-HD-Algenib	MALE
cs-CZ	Premium	cs-CZ	cs-CZ-Chirp3-HD-Algieba	MALE
cs-CZ	Premium	cs-CZ	cs-CZ-Chirp3-HD-Alnilam	MALE
cs-CZ	Premium	cs-CZ	cs-CZ-Chirp3-HD-Aoede	FEMALE
cs-CZ	Premium	cs-CZ	cs-CZ-Chirp3-HD-Autonoe	FEMALE
cs-CZ	Premium	cs-CZ	cs-CZ-Chirp3-HD-Callirrhoe	FEMALE
cs-CZ	Premium	cs-CZ	cs-CZ-Chirp3-HD-Charon	MALE
cs-CZ	Premium	cs-CZ	cs-CZ-Chirp3-HD-Despina	FEMALE
cs-CZ	Premium	cs-CZ	cs-CZ-Chirp3-HD-Enceladus	MALE
cs-CZ	Premium	cs-CZ	cs-CZ-Chirp3-HD-Erinome	FEMALE
cs-CZ	Premium	cs-CZ	cs-CZ-Chirp3-HD-Fenrir	MALE
cs-CZ	Premium	cs-CZ	cs-CZ-Chirp3-HD-Gacrux	FEMALE
cs-CZ	Premium	cs-CZ	cs-CZ-Chirp3-HD-Iapetus	MALE
cs-CZ	Premium	cs-CZ	cs-CZ-Chirp3-HD-Kore	FEMALE
cs-CZ	Premium	cs-CZ	cs-CZ-Chirp3-HD-Laomedeia	FEMALE
cs-CZ	Premium	cs-CZ	cs-CZ-Chirp3-HD-Leda	FEMALE
cs-CZ	Premium	cs-CZ	cs-CZ-Chirp3-HD-Orus	MALE
cs-CZ	Premium	cs-CZ	cs-CZ-Chirp3-HD-Puck	MALE
cs-CZ	Premium	cs-CZ	cs-CZ-Chirp3-HD-Pulcherrima	FEMALE
cs-CZ	Premium	cs-CZ	cs-CZ-Chirp3-HD-Rasalgethi	MALE
cs-CZ	Premium	cs-CZ	cs-CZ-Chirp3-HD-Sadachbia	MALE
cs-CZ	Premium	cs-CZ	cs-CZ-Chirp3-HD-Sadaltager	MALE
cs-CZ	Premium	cs-CZ	cs-CZ-Chirp3-HD-Schedar	MALE
cs-CZ	Premium	cs-CZ	cs-CZ-Chirp3-HD-Sulafat	FEMALE
cs-CZ	Premium	cs-CZ	cs-CZ-Chirp3-HD-Umbriel	MALE
cs-CZ	Premium	cs-CZ	cs-CZ-Chirp3-HD-Vindemiatrix	FEMALE
cs-CZ	Premium	cs-CZ	cs-CZ-Chirp3-HD-Zephyr	FEMALE
cs-CZ	Premium	cs-CZ	cs-CZ-Chirp3-HD-Zubenelgenubi	MALE
da-DK	Premium	da-DK	da-DK-Chirp3-HD-Achernar	FEMALE
da-DK	Premium	da-DK	da-DK-Chirp3-HD-Achird	MALE
da-DK	Premium	da-DK	da-DK-Chirp3-HD-Algenib	MALE
da-DK	Premium	da-DK	da-DK-Chirp3-HD-Algieba	MALE
da-DK	Premium	da-DK	da-DK-Chirp3-HD-Alnilam	MALE
da-DK	Premium	da-DK	da-DK-Chirp3-HD-Aoede	FEMALE
da-DK	Premium	da-DK	da-DK-Chirp3-HD-Autonoe	FEMALE
da-DK	Premium	da-DK	da-DK-Chirp3-HD-Callirrhoe	FEMALE
da-DK	Premium	da-DK	da-DK-Chirp3-HD-Charon	MALE
da-DK	Premium	da-DK	da-DK-Chirp3-HD-Despina	FEMALE
da-DK	Premium	da-DK	da-DK-Chirp3-HD-Enceladus	MALE
da-DK	Premium	da-DK	da-DK-Chirp3-HD-Erinome	FEMALE
da-DK	Premium	da-DK	da-DK-Chirp3-HD-Fenrir	MALE
da-DK	Premium	da-DK	da-DK-Chirp3-HD-Gacrux	FEMALE
da-DK	Premium	da-DK	da-DK-Chirp3-HD-Iapetus	MALE
da-DK	Premium	da-DK	da-DK-Chirp3-HD-Kore	FEMALE
da-DK	Premium	da-DK	da-DK-Chirp3-HD-Laomedeia	FEMALE
da-DK	Premium	da-DK	da-DK-Chirp3-HD-Leda	FEMALE
da-DK	Premium	da-DK	da-DK-Chirp3-HD-Orus	MALE
da-DK	Premium	da-DK	da-DK-Chirp3-HD-Puck	MALE
da-DK	Premium	da-DK	da-DK-Chirp3-HD-Pulcherrima	FEMALE
da-DK	Premium	da-DK	da-DK-Chirp3-HD-Rasalgethi	MALE
da-DK	Premium	da-DK	da-DK-Chirp3-HD-Sadachbia	MALE
da-DK	Premium	da-DK	da-DK-Chirp3-HD-Sadaltager	MALE
da-DK	Premium	da-DK	da-DK-Chirp3-HD-Schedar	MALE
da-DK	Premium	da-DK	da-DK-Chirp3-HD-Sulafat	FEMALE
da-DK	Premium	da-DK	da-DK-Chirp3-HD-Umbriel	MALE
da-DK	Premium	da-DK	da-DK-Chirp3-HD-Vindemiatrix	FEMALE
da-DK	Premium	da-DK	da-DK-Chirp3-HD-Zephyr	FEMALE
da-DK	Premium	da-DK	da-DK-Chirp3-HD-Zubenelgenubi	MALE
nl-BE	Premium	nl-BE	nl-BE-Chirp3-HD-Achernar	FEMALE
nl-BE	Premium	nl-BE	nl-BE-Chirp3-HD-Achird	MALE
nl-BE	Premium	nl-BE	nl-BE-Chirp3-HD-Algenib	MALE
nl-BE	Premium	nl-BE	nl-BE-Chirp3-HD-Algieba	MALE
nl-BE	Premium	nl-BE	nl-BE-Chirp3-HD-Alnilam	MALE
nl-BE	Premium	nl-BE	nl-BE-Chirp3-HD-Aoede	FEMALE
nl-BE	Premium	nl-BE	nl-BE-Chirp3-HD-Autonoe	FEMALE
nl-BE	Premium	nl-BE	nl-BE-Chirp3-HD-Callirrhoe	FEMALE
nl-BE	Premium	nl-BE	nl-BE-Chirp3-HD-Charon	MALE
nl-BE	Premium	nl-BE	nl-BE-Chirp3-HD-Despina	FEMALE
nl-BE	Premium	nl-BE	nl-BE-Chirp3-HD-Enceladus	MALE
nl-BE	Premium	nl-BE	nl-BE-Chirp3-HD-Erinome	FEMALE
nl-BE	Premium	nl-BE	nl-BE-Chirp3-HD-Fenrir	MALE
nl-BE	Premium	nl-BE	nl-BE-Chirp3-HD-Gacrux	FEMALE
nl-BE	Premium	nl-BE	nl-BE-Chirp3-HD-Iapetus	MALE
nl-BE	Premium	nl-BE	nl-BE-Chirp3-HD-Kore	FEMALE
nl-BE	Premium	nl-BE	nl-BE-Chirp3-HD-Laomedeia	FEMALE
nl-BE	Premium	nl-BE	nl-BE-Chirp3-HD-Leda	FEMALE
nl-BE	Premium	nl-BE	nl-BE-Chirp3-HD-Orus	MALE
nl-BE	Premium	nl-BE	nl-BE-Chirp3-HD-Puck	MALE
nl-BE	Premium	nl-BE	nl-BE-Chirp3-HD-Pulcherrima	FEMALE
nl-BE	Premium	nl-BE	nl-BE-Chirp3-HD-Rasalgethi	MALE
nl-BE	Premium	nl-BE	nl-BE-Chirp3-HD-Sadachbia	MALE
nl-BE	Premium	nl-BE	nl-BE-Chirp3-HD-Sadaltager	MALE
nl-BE	Premium	nl-BE	nl-BE-Chirp3-HD-Schedar	MALE
nl-BE	Premium	nl-BE	nl-BE-Chirp3-HD-Sulafat	FEMALE
nl-BE	Premium	nl-BE	nl-BE-Chirp3-HD-Umbriel	MALE
nl-BE	Premium	nl-BE	nl-BE-Chirp3-HD-Vindemiatrix	FEMALE
nl-BE	Premium	nl-BE	nl-BE-Chirp3-HD-Zephyr	FEMALE
nl-BE	Premium	nl-BE	nl-BE-Chirp3-HD-Zubenelgenubi	MALE
nl-NL	Premium	nl-NL	nl-NL-Chirp3-HD-Achernar	FEMALE
nl-NL	Premium	nl-NL	nl-NL-Chirp3-HD-Achird	MALE
nl-NL	Premium	nl-NL	nl-NL-Chirp3-HD-Algenib	MALE
nl-NL	Premium	nl-NL	nl-NL-Chirp3-HD-Algieba	MALE
nl-NL	Premium	nl-NL	nl-NL-Chirp3-HD-Alnilam	MALE
nl-NL	Premium	nl-NL	nl-NL-Chirp3-HD-Aoede	FEMALE
nl-NL	Premium	nl-NL	nl-NL-Chirp3-HD-Autonoe	FEMALE
nl-NL	Premium	nl-NL	nl-NL-Chirp3-HD-Callirrhoe	FEMALE
nl-NL	Premium	nl-NL	nl-NL-Chirp3-HD-Charon	MALE
nl-NL	Premium	nl-NL	nl-NL-Chirp3-HD-Despina	FEMALE
nl-NL	Premium	nl-NL	nl-NL-Chirp3-HD-Enceladus	MALE
nl-NL	Premium	nl-NL	nl-NL-Chirp3-HD-Erinome	FEMALE
nl-NL	Premium	nl-NL	nl-NL-Chirp3-HD-Fenrir	MALE
nl-NL	Premium	nl-NL	nl-NL-Chirp3-HD-Gacrux	FEMALE
nl-NL	Premium	nl-NL	nl-NL-Chirp3-HD-Iapetus	MALE
nl-NL	Premium	nl-NL	nl-NL-Chirp3-HD-Kore	FEMALE
nl-NL	Premium	nl-NL	nl-NL-Chirp3-HD-Laomedeia	FEMALE
nl-NL	Premium	nl-NL	nl-NL-Chirp3-HD-Leda	FEMALE
nl-NL	Premium	nl-NL	nl-NL-Chirp3-HD-Orus	MALE
nl-NL	Premium	nl-NL	nl-NL-Chirp3-HD-Puck	MALE
nl-NL	Premium	nl-NL	nl-NL-Chirp3-HD-Pulcherrima	FEMALE
nl-NL	Premium	nl-NL	nl-NL-Chirp3-HD-Rasalgethi	MALE
nl-NL	Premium	nl-NL	nl-NL-Chirp3-HD-Sadachbia	MALE
nl-NL	Premium	nl-NL	nl-NL-Chirp3-HD-Sadaltager	MALE
nl-NL	Premium	nl-NL	nl-NL-Chirp3-HD-Schedar	MALE
nl-NL	Premium	nl-NL	nl-NL-Chirp3-HD-Sulafat	FEMALE
nl-NL	Premium	nl-NL	nl-NL-Chirp3-HD-Umbriel	MALE
nl-NL	Premium	nl-NL	nl-NL-Chirp3-HD-Vindemiatrix	FEMALE
nl-NL	Premium	nl-NL	nl-NL-Chirp3-HD-Zephyr	FEMALE
nl-NL	Premium	nl-NL	nl-NL-Chirp3-HD-Zubenelgenubi	MALE
en-AU	Premium	en-AU	en-AU-Chirp3-HD-Achernar	FEMALE
en-AU	Premium	en-AU	en-AU-Chirp3-HD-Achird	MALE
en-AU	Premium	en-AU	en-AU-Chirp3-HD-Algenib	MALE
en-AU	Premium	en-AU	en-AU-Chirp3-HD-Algieba	MALE
en-AU	Premium	en-AU	en-AU-Chirp3-HD-Alnilam	MALE
en-AU	Premium	en-AU	en-AU-Chirp3-HD-Aoede	FEMALE
en-AU	Premium	en-AU	en-AU-Chirp3-HD-Autonoe	FEMALE
en-AU	Premium	en-AU	en-AU-Chirp3-HD-Callirrhoe	FEMALE
en-AU	Premium	en-AU	en-AU-Chirp3-HD-Charon	MALE
en-AU	Premium	en-AU	en-AU-Chirp3-HD-Despina	FEMALE
en-AU	Premium	en-AU	en-AU-Chirp3-HD-Enceladus	MALE
en-AU	Premium	en-AU	en-AU-Chirp3-HD-Erinome	FEMALE
en-AU	Premium	en-AU	en-AU-Chirp3-HD-Fenrir	MALE
en-AU	Premium	en-AU	en-AU-Chirp3-HD-Gacrux	FEMALE
en-AU	Premium	en-AU	en-AU-Chirp3-HD-Iapetus	MALE
en-AU	Premium	en-AU	en-AU-Chirp3-HD-Kore	FEMALE
en-AU	Premium	en-AU	en-AU-Chirp3-HD-Laomedeia	FEMALE
en-AU	Premium	en-AU	en-AU-Chirp3-HD-Leda	FEMALE
en-AU	Premium	en-AU	en-AU-Chirp3-HD-Orus	MALE
en-AU	Premium	en-AU	en-AU-Chirp3-HD-Puck	MALE
en-AU	Premium	en-AU	en-AU-Chirp3-HD-Pulcherrima	FEMALE
en-AU	Premium	en-AU	en-AU-Chirp3-HD-Rasalgethi	MALE
en-AU	Premium	en-AU	en-AU-Chirp3-HD-Sadachbia	MALE
en-AU	Premium	en-AU	en-AU-Chirp3-HD-Sadaltager	MALE
en-AU	Premium	en-AU	en-AU-Chirp3-HD-Schedar	MALE
en-AU	Premium	en-AU	en-AU-Chirp3-HD-Sulafat	FEMALE
en-AU	Premium	en-AU	en-AU-Chirp3-HD-Umbriel	MALE
en-AU	Premium	en-AU	en-AU-Chirp3-HD-Vindemiatrix	FEMALE
en-AU	Premium	en-AU	en-AU-Chirp3-HD-Zephyr	FEMALE
en-AU	Premium	en-AU	en-AU-Chirp3-HD-Zubenelgenubi	MALE
en-IN	Premium	en-IN	en-IN-Chirp3-HD-Achernar	FEMALE
en-IN	Premium	en-IN	en-IN-Chirp3-HD-Achird	MALE
en-IN	Premium	en-IN	en-IN-Chirp3-HD-Algenib	MALE
en-IN	Premium	en-IN	en-IN-Chirp3-HD-Algieba	MALE
en-IN	Premium	en-IN	en-IN-Chirp3-HD-Alnilam	MALE
en-IN	Premium	en-IN	en-IN-Chirp3-HD-Aoede	FEMALE
en-IN	Premium	en-IN	en-IN-Chirp3-HD-Autonoe	FEMALE
en-IN	Premium	en-IN	en-IN-Chirp3-HD-Callirrhoe	FEMALE
en-IN	Premium	en-IN	en-IN-Chirp3-HD-Charon	MALE
en-IN	Premium	en-IN	en-IN-Chirp3-HD-Despina	FEMALE
en-IN	Premium	en-IN	en-IN-Chirp3-HD-Enceladus	MALE
en-IN	Premium	en-IN	en-IN-Chirp3-HD-Erinome	FEMALE
en-IN	Premium	en-IN	en-IN-Chirp3-HD-Fenrir	MALE
en-IN	Premium	en-IN	en-IN-Chirp3-HD-Gacrux	FEMALE
en-IN	Premium	en-IN	en-IN-Chirp3-HD-Iapetus	MALE
en-IN	Premium	en-IN	en-IN-Chirp3-HD-Kore	FEMALE
en-IN	Premium	en-IN	en-IN-Chirp3-HD-Laomedeia	FEMALE
en-IN	Premium	en-IN	en-IN-Chirp3-HD-Leda	FEMALE
en-IN	Premium	en-IN	en-IN-Chirp3-HD-Orus	MALE
en-IN	Premium	en-IN	en-IN-Chirp3-HD-Puck	MALE
en-IN	Premium	en-IN	en-IN-Chirp3-HD-Pulcherrima	FEMALE
en-IN	Premium	en-IN	en-IN-Chirp3-HD-Rasalgethi	MALE
en-IN	Premium	en-IN	en-IN-Chirp3-HD-Sadachbia	MALE
en-IN	Premium	en-IN	en-IN-Chirp3-HD-Sadaltager	MALE
en-IN	Premium	en-IN	en-IN-Chirp3-HD-Schedar	MALE
en-IN	Premium	en-IN	en-IN-Chirp3-HD-Sulafat	FEMALE
en-IN	Premium	en-IN	en-IN-Chirp3-HD-Umbriel	MALE
en-IN	Premium	en-IN	en-IN-Chirp3-HD-Vindemiatrix	FEMALE
en-IN	Premium	en-IN	en-IN-Chirp3-HD-Zephyr	FEMALE
en-IN	Premium	en-IN	en-IN-Chirp3-HD-Zubenelgenubi	MALE
en-GB	Premium	en-GB	en-GB-Chirp3-HD-Achernar	FEMALE
en-GB	Premium	en-GB	en-GB-Chirp3-HD-Achird	MALE
en-GB	Premium	en-GB	en-GB-Chirp3-HD-Algenib	MALE
en-GB	Premium	en-GB	en-GB-Chirp3-HD-Algieba	MALE
en-GB	Premium	en-GB	en-GB-Chirp3-HD-Alnilam	MALE
en-GB	Premium	en-GB	en-GB-Chirp3-HD-Aoede	FEMALE
en-GB	Premium	en-GB	en-GB-Chirp3-HD-Autonoe	FEMALE
en-GB	Premium	en-GB	en-GB-Chirp3-HD-Callirrhoe	FEMALE
en-GB	Premium	en-GB	en-GB-Chirp3-HD-Charon	MALE
en-GB	Premium	en-GB	en-GB-Chirp3-HD-Despina	FEMALE
en-GB	Premium	en-GB	en-GB-Chirp3-HD-Enceladus	MALE
en-GB	Premium	en-GB	en-GB-Chirp3-HD-Erinome	FEMALE
en-GB	Premium	en-GB	en-GB-Chirp3-HD-Fenrir	MALE
en-GB	Premium	en-GB	en-GB-Chirp3-HD-Gacrux	FEMALE
en-GB	Premium	en-GB	en-GB-Chirp3-HD-Iapetus	MALE
en-GB	Premium	en-GB	en-GB-Chirp3-HD-Kore	FEMALE
en-GB	Premium	en-GB	en-GB-Chirp3-HD-Laomedeia	FEMALE
en-GB	Premium	en-GB	en-GB-Chirp3-HD-Leda	FEMALE
en-GB	Premium	en-GB	en-GB-Chirp3-HD-Orus	MALE
en-GB	Premium	en-GB	en-GB-Chirp3-HD-Puck	MALE
en-GB	Premium	en-GB	en-GB-Chirp3-HD-Pulcherrima	FEMALE
en-GB	Premium	en-GB	en-GB-Chirp3-HD-Rasalgethi	MALE
en-GB	Premium	en-GB	en-GB-Chirp3-HD-Sadachbia	MALE
en-GB	Premium	en-GB	en-GB-Chirp3-HD-Sadaltager	MALE
en-GB	Premium	en-GB	en-GB-Chirp3-HD-Schedar	MALE
en-GB	Premium	en-GB	en-GB-Chirp3-HD-Sulafat	FEMALE
en-GB	Premium	en-GB	en-GB-Chirp3-HD-Umbriel	MALE
en-GB	Premium	en-GB	en-GB-Chirp3-HD-Vindemiatrix	FEMALE
en-GB	Premium	en-GB	en-GB-Chirp3-HD-Zephyr	FEMALE
en-GB	Premium	en-GB	en-GB-Chirp3-HD-Zubenelgenubi	MALE
en-US	Premium	en-US	en-US-Chirp3-HD-Achernar	FEMALE
en-US	Premium	en-US	en-US-Chirp3-HD-Achird	MALE
en-US	Premium	en-US	en-US-Chirp3-HD-Algenib	MALE
en-US	Premium	en-US	en-US-Chirp3-HD-Algieba	MALE
en-US	Premium	en-US	en-US-Chirp3-HD-Alnilam	MALE
en-US	Premium	en-US	en-US-Chirp3-HD-Aoede	FEMALE
en-US	Premium	en-US	en-US-Chirp3-HD-Autonoe	FEMALE
en-US	Premium	en-US	en-US-Chirp3-HD-Callirrhoe	FEMALE
en-US	Premium	en-US	en-US-Chirp3-HD-Charon	MALE
en-US	Premium	en-US	en-US-Chirp3-HD-Despina	FEMALE
en-US	Premium	en-US	en-US-Chirp3-HD-Enceladus	MALE
en-US	Premium	en-US	en-US-Chirp3-HD-Erinome	FEMALE
en-US	Premium	en-US	en-US-Chirp3-HD-Fenrir	MALE
en-US	Premium	en-US	en-US-Chirp3-HD-Gacrux	FEMALE
en-US	Premium	en-US	en-US-Chirp3-HD-Iapetus	MALE
en-US	Premium	en-US	en-US-Chirp3-HD-Kore	FEMALE
en-US	Premium	en-US	en-US-Chirp3-HD-Laomedeia	FEMALE
en-US	Premium	en-US	en-US-Chirp3-HD-Leda	FEMALE
en-US	Premium	en-US	en-US-Chirp3-HD-Orus	MALE
en-US	Premium	en-US	en-US-Chirp3-HD-Puck	MALE
en-US	Premium	en-US	en-US-Chirp3-HD-Pulcherrima	FEMALE
en-US	Premium	en-US	en-US-Chirp3-HD-Rasalgethi	MALE
en-US	Premium	en-US	en-US-Chirp3-HD-Sadachbia	MALE
en-US	Premium	en-US	en-US-Chirp3-HD-Sadaltager	MALE
en-US	Premium	en-US	en-US-Chirp3-HD-Schedar	MALE
en-US	Premium	en-US	en-US-Chirp3-HD-Sulafat	FEMALE
en-US	Premium	en-US	en-US-Chirp3-HD-Umbriel	MALE
en-US	Premium	en-US	en-US-Chirp3-HD-Vindemiatrix	FEMALE
en-US	Premium	en-US	en-US-Chirp3-HD-Zephyr	FEMALE
en-US	Premium	en-US	en-US-Chirp3-HD-Zubenelgenubi	MALE
et-EE	Premium	et-EE	et-EE-Chirp3-HD-Achernar	FEMALE
et-EE	Premium	et-EE	et-EE-Chirp3-HD-Achird	MALE
et-EE	Premium	et-EE	et-EE-Chirp3-HD-Algenib	MALE
et-EE	Premium	et-EE	et-EE-Chirp3-HD-Algieba	MALE
et-EE	Premium	et-EE	et-EE-Chirp3-HD-Alnilam	MALE
et-EE	Premium	et-EE	et-EE-Chirp3-HD-Aoede	FEMALE
et-EE	Premium	et-EE	et-EE-Chirp3-HD-Autonoe	FEMALE
et-EE	Premium	et-EE	et-EE-Chirp3-HD-Callirrhoe	FEMALE
et-EE	Premium	et-EE	et-EE-Chirp3-HD-Charon	MALE
et-EE	Premium	et-EE	et-EE-Chirp3-HD-Despina	FEMALE
et-EE	Premium	et-EE	et-EE-Chirp3-HD-Enceladus	MALE
et-EE	Premium	et-EE	et-EE-Chirp3-HD-Erinome	FEMALE
et-EE	Premium	et-EE	et-EE-Chirp3-HD-Fenrir	MALE
et-EE	Premium	et-EE	et-EE-Chirp3-HD-Gacrux	FEMALE
et-EE	Premium	et-EE	et-EE-Chirp3-HD-Iapetus	MALE
et-EE	Premium	et-EE	et-EE-Chirp3-HD-Kore	FEMALE
et-EE	Premium	et-EE	et-EE-Chirp3-HD-Laomedeia	FEMALE
et-EE	Premium	et-EE	et-EE-Chirp3-HD-Leda	FEMALE
et-EE	Premium	et-EE	et-EE-Chirp3-HD-Orus	MALE
et-EE	Premium	et-EE	et-EE-Chirp3-HD-Puck	MALE
et-EE	Premium	et-EE	et-EE-Chirp3-HD-Pulcherrima	FEMALE
et-EE	Premium	et-EE	et-EE-Chirp3-HD-Rasalgethi	MALE
et-EE	Premium	et-EE	et-EE-Chirp3-HD-Sadachbia	MALE
et-EE	Premium	et-EE	et-EE-Chirp3-HD-Sadaltager	MALE
et-EE	Premium	et-EE	et-EE-Chirp3-HD-Schedar	MALE
et-EE	Premium	et-EE	et-EE-Chirp3-HD-Sulafat	FEMALE
et-EE	Premium	et-EE	et-EE-Chirp3-HD-Umbriel	MALE
et-EE	Premium	et-EE	et-EE-Chirp3-HD-Vindemiatrix	FEMALE
et-EE	Premium	et-EE	et-EE-Chirp3-HD-Zephyr	FEMALE
et-EE	Premium	et-EE	et-EE-Chirp3-HD-Zubenelgenubi	MALE
fi-FI	Premium	fi-FI	fi-FI-Chirp3-HD-Achernar	FEMALE
fi-FI	Premium	fi-FI	fi-FI-Chirp3-HD-Achird	MALE
fi-FI	Premium	fi-FI	fi-FI-Chirp3-HD-Algenib	MALE
fi-FI	Premium	fi-FI	fi-FI-Chirp3-HD-Algieba	MALE
fi-FI	Premium	fi-FI	fi-FI-Chirp3-HD-Alnilam	MALE
fi-FI	Premium	fi-FI	fi-FI-Chirp3-HD-Aoede	FEMALE
fi-FI	Premium	fi-FI	fi-FI-Chirp3-HD-Autonoe	FEMALE
fi-FI	Premium	fi-FI	fi-FI-Chirp3-HD-Callirrhoe	FEMALE
fi-FI	Premium	fi-FI	fi-FI-Chirp3-HD-Charon	MALE
fi-FI	Premium	fi-FI	fi-FI-Chirp3-HD-Despina	FEMALE
fi-FI	Premium	fi-FI	fi-FI-Chirp3-HD-Enceladus	MALE
fi-FI	Premium	fi-FI	fi-FI-Chirp3-HD-Erinome	FEMALE
fi-FI	Premium	fi-FI	fi-FI-Chirp3-HD-Fenrir	MALE
fi-FI	Premium	fi-FI	fi-FI-Chirp3-HD-Gacrux	FEMALE
fi-FI	Premium	fi-FI	fi-FI-Chirp3-HD-Iapetus	MALE
fi-FI	Premium	fi-FI	fi-FI-Chirp3-HD-Kore	FEMALE
fi-FI	Premium	fi-FI	fi-FI-Chirp3-HD-Laomedeia	FEMALE
fi-FI	Premium	fi-FI	fi-FI-Chirp3-HD-Leda	FEMALE
fi-FI	Premium	fi-FI	fi-FI-Chirp3-HD-Orus	MALE
fi-FI	Premium	fi-FI	fi-FI-Chirp3-HD-Puck	MALE
fi-FI	Premium	fi-FI	fi-FI-Chirp3-HD-Pulcherrima	FEMALE
fi-FI	Premium	fi-FI	fi-FI-Chirp3-HD-Rasalgethi	MALE
fi-FI	Premium	fi-FI	fi-FI-Chirp3-HD-Sadachbia	MALE
fi-FI	Premium	fi-FI	fi-FI-Chirp3-HD-Sadaltager	MALE
fi-FI	Premium	fi-FI	fi-FI-Chirp3-HD-Schedar	MALE
fi-FI	Premium	fi-FI	fi-FI-Chirp3-HD-Sulafat	FEMALE
fi-FI	Premium	fi-FI	fi-FI-Chirp3-HD-Umbriel	MALE
fi-FI	Premium	fi-FI	fi-FI-Chirp3-HD-Vindemiatrix	FEMALE
fi-FI	Premium	fi-FI	fi-FI-Chirp3-HD-Zephyr	FEMALE
fi-FI	Premium	fi-FI	fi-FI-Chirp3-HD-Zubenelgenubi	MALE
fr-CA	Premium	fr-CA	fr-CA-Chirp3-HD-Achernar	FEMALE
fr-CA	Premium	fr-CA	fr-CA-Chirp3-HD-Achird	MALE
fr-CA	Premium	fr-CA	fr-CA-Chirp3-HD-Algenib	MALE
fr-CA	Premium	fr-CA	fr-CA-Chirp3-HD-Algieba	MALE
fr-CA	Premium	fr-CA	fr-CA-Chirp3-HD-Alnilam	MALE
fr-CA	Premium	fr-CA	fr-CA-Chirp3-HD-Aoede	FEMALE
fr-CA	Premium	fr-CA	fr-CA-Chirp3-HD-Autonoe	FEMALE
fr-CA	Premium	fr-CA	fr-CA-Chirp3-HD-Callirrhoe	FEMALE
fr-CA	Premium	fr-CA	fr-CA-Chirp3-HD-Charon	MALE
fr-CA	Premium	fr-CA	fr-CA-Chirp3-HD-Despina	FEMALE
fr-CA	Premium	fr-CA	fr-CA-Chirp3-HD-Enceladus	MALE
fr-CA	Premium	fr-CA	fr-CA-Chirp3-HD-Erinome	FEMALE
fr-CA	Premium	fr-CA	fr-CA-Chirp3-HD-Fenrir	MALE
fr-CA	Premium	fr-CA	fr-CA-Chirp3-HD-Gacrux	FEMALE
fr-CA	Premium	fr-CA	fr-CA-Chirp3-HD-Iapetus	MALE
fr-CA	Premium	fr-CA	fr-CA-Chirp3-HD-Kore	FEMALE
fr-CA	Premium	fr-CA	fr-CA-Chirp3-HD-Laomedeia	FEMALE
fr-CA	Premium	fr-CA	fr-CA-Chirp3-HD-Leda	FEMALE
fr-CA	Premium	fr-CA	fr-CA-Chirp3-HD-Orus	MALE
fr-CA	Premium	fr-CA	fr-CA-Chirp3-HD-Puck	MALE
fr-CA	Premium	fr-CA	fr-CA-Chirp3-HD-Pulcherrima	FEMALE
fr-CA	Premium	fr-CA	fr-CA-Chirp3-HD-Rasalgethi	MALE
fr-CA	Premium	fr-CA	fr-CA-Chirp3-HD-Sadachbia	MALE
fr-CA	Premium	fr-CA	fr-CA-Chirp3-HD-Sadaltager	MALE
fr-CA	Premium	fr-CA	fr-CA-Chirp3-HD-Schedar	MALE
fr-CA	Premium	fr-CA	fr-CA-Chirp3-HD-Sulafat	FEMALE
fr-CA	Premium	fr-CA	fr-CA-Chirp3-HD-Umbriel	MALE
fr-CA	Premium	fr-CA	fr-CA-Chirp3-HD-Vindemiatrix	FEMALE
fr-CA	Premium	fr-CA	fr-CA-Chirp3-HD-Zephyr	FEMALE
fr-CA	Premium	fr-CA	fr-CA-Chirp3-HD-Zubenelgenubi	MALE
fr-FR	Premium	fr-FR	fr-FR-Chirp3-HD-Achernar	FEMALE
fr-FR	Premium	fr-FR	fr-FR-Chirp3-HD-Achird	MALE
fr-FR	Premium	fr-FR	fr-FR-Chirp3-HD-Algenib	MALE
fr-FR	Premium	fr-FR	fr-FR-Chirp3-HD-Algieba	MALE
fr-FR	Premium	fr-FR	fr-FR-Chirp3-HD-Alnilam	MALE
fr-FR	Premium	fr-FR	fr-FR-Chirp3-HD-Aoede	FEMALE
fr-FR	Premium	fr-FR	fr-FR-Chirp3-HD-Autonoe	FEMALE
fr-FR	Premium	fr-FR	fr-FR-Chirp3-HD-Callirrhoe	FEMALE
fr-FR	Premium	fr-FR	fr-FR-Chirp3-HD-Charon	MALE
fr-FR	Premium	fr-FR	fr-FR-Chirp3-HD-Despina	FEMALE
fr-FR	Premium	fr-FR	fr-FR-Chirp3-HD-Enceladus	MALE
fr-FR	Premium	fr-FR	fr-FR-Chirp3-HD-Erinome	FEMALE
fr-FR	Premium	fr-FR	fr-FR-Chirp3-HD-Fenrir	MALE
fr-FR	Premium	fr-FR	fr-FR-Chirp3-HD-Gacrux	FEMALE
fr-FR	Premium	fr-FR	fr-FR-Chirp3-HD-Iapetus	MALE
fr-FR	Premium	fr-FR	fr-FR-Chirp3-HD-Kore	FEMALE
fr-FR	Premium	fr-FR	fr-FR-Chirp3-HD-Laomedeia	FEMALE
fr-FR	Premium	fr-FR	fr-FR-Chirp3-HD-Leda	FEMALE
fr-FR	Premium	fr-FR	fr-FR-Chirp3-HD-Orus	MALE
fr-FR	Premium	fr-FR	fr-FR-Chirp3-HD-Puck	MALE
fr-FR	Premium	fr-FR	fr-FR-Chirp3-HD-Pulcherrima	FEMALE
fr-FR	Premium	fr-FR	fr-FR-Chirp3-HD-Rasalgethi	MALE
fr-FR	Premium	fr-FR	fr-FR-Chirp3-HD-Sadachbia	MALE
fr-FR	Premium	fr-FR	fr-FR-Chirp3-HD-Sadaltager	MALE
fr-FR	Premium	fr-FR	fr-FR-Chirp3-HD-Schedar	MALE
fr-FR	Premium	fr-FR	fr-FR-Chirp3-HD-Sulafat	FEMALE
fr-FR	Premium	fr-FR	fr-FR-Chirp3-HD-Umbriel	MALE
fr-FR	Premium	fr-FR	fr-FR-Chirp3-HD-Vindemiatrix	FEMALE
fr-FR	Premium	fr-FR	fr-FR-Chirp3-HD-Zephyr	FEMALE
fr-FR	Premium	fr-FR	fr-FR-Chirp3-HD-Zubenelgenubi	MALE
de-DE	Premium	de-DE	de-DE-Chirp3-HD-Achernar	FEMALE
de-DE	Premium	de-DE	de-DE-Chirp3-HD-Achird	MALE
de-DE	Premium	de-DE	de-DE-Chirp3-HD-Algenib	MALE
de-DE	Premium	de-DE	de-DE-Chirp3-HD-Algieba	MALE
de-DE	Premium	de-DE	de-DE-Chirp3-HD-Alnilam	MALE
de-DE	Premium	de-DE	de-DE-Chirp3-HD-Aoede	FEMALE
de-DE	Premium	de-DE	de-DE-Chirp3-HD-Autonoe	FEMALE
de-DE	Premium	de-DE	de-DE-Chirp3-HD-Callirrhoe	FEMALE
de-DE	Premium	de-DE	de-DE-Chirp3-HD-Charon	MALE
de-DE	Premium	de-DE	de-DE-Chirp3-HD-Despina	FEMALE
de-DE	Premium	de-DE	de-DE-Chirp3-HD-Enceladus	MALE
de-DE	Premium	de-DE	de-DE-Chirp3-HD-Erinome	FEMALE
de-DE	Premium	de-DE	de-DE-Chirp3-HD-Fenrir	MALE
de-DE	Premium	de-DE	de-DE-Chirp3-HD-Gacrux	FEMALE
de-DE	Premium	de-DE	de-DE-Chirp3-HD-Iapetus	MALE
de-DE	Premium	de-DE	de-DE-Chirp3-HD-Kore	FEMALE
de-DE	Premium	de-DE	de-DE-Chirp3-HD-Laomedeia	FEMALE
de-DE	Premium	de-DE	de-DE-Chirp3-HD-Leda	FEMALE
de-DE	Premium	de-DE	de-DE-Chirp3-HD-Orus	MALE
de-DE	Premium	de-DE	de-DE-Chirp3-HD-Puck	MALE
de-DE	Premium	de-DE	de-DE-Chirp3-HD-Pulcherrima	FEMALE
de-DE	Premium	de-DE	de-DE-Chirp3-HD-Rasalgethi	MALE
de-DE	Premium	de-DE	de-DE-Chirp3-HD-Sadachbia	MALE
de-DE	Premium	de-DE	de-DE-Chirp3-HD-Sadaltager	MALE
de-DE	Premium	de-DE	de-DE-Chirp3-HD-Schedar	MALE
de-DE	Premium	de-DE	de-DE-Chirp3-HD-Sulafat	FEMALE
de-DE	Premium	de-DE	de-DE-Chirp3-HD-Umbriel	MALE
de-DE	Premium	de-DE	de-DE-Chirp3-HD-Vindemiatrix	FEMALE
de-DE	Premium	de-DE	de-DE-Chirp3-HD-Zephyr	FEMALE
de-DE	Premium	de-DE	de-DE-Chirp3-HD-Zubenelgenubi	MALE
el-GR	Premium	el-GR	el-GR-Chirp3-HD-Achernar	FEMALE
el-GR	Premium	el-GR	el-GR-Chirp3-HD-Achird	MALE
el-GR	Premium	el-GR	el-GR-Chirp3-HD-Algenib	MALE
el-GR	Premium	el-GR	el-GR-Chirp3-HD-Algieba	MALE
el-GR	Premium	el-GR	el-GR-Chirp3-HD-Alnilam	MALE
el-GR	Premium	el-GR	el-GR-Chirp3-HD-Aoede	FEMALE
el-GR	Premium	el-GR	el-GR-Chirp3-HD-Autonoe	FEMALE
el-GR	Premium	el-GR	el-GR-Chirp3-HD-Callirrhoe	FEMALE
el-GR	Premium	el-GR	el-GR-Chirp3-HD-Charon	MALE
el-GR	Premium	el-GR	el-GR-Chirp3-HD-Despina	FEMALE
el-GR	Premium	el-GR	el-GR-Chirp3-HD-Enceladus	MALE
el-GR	Premium	el-GR	el-GR-Chirp3-HD-Erinome	FEMALE
el-GR	Premium	el-GR	el-GR-Chirp3-HD-Fenrir	MALE
el-GR	Premium	el-GR	el-GR-Chirp3-HD-Gacrux	FEMALE
el-GR	Premium	el-GR	el-GR-Chirp3-HD-Iapetus	MALE
el-GR	Premium	el-GR	el-GR-Chirp3-HD-Kore	FEMALE
el-GR	Premium	el-GR	el-GR-Chirp3-HD-Laomedeia	FEMALE
el-GR	Premium	el-GR	el-GR-Chirp3-HD-Leda	FEMALE
el-GR	Premium	el-GR	el-GR-Chirp3-HD-Orus	MALE
el-GR	Premium	el-GR	el-GR-Chirp3-HD-Puck	MALE
el-GR	Premium	el-GR	el-GR-Chirp3-HD-Pulcherrima	FEMALE
el-GR	Premium	el-GR	el-GR-Chirp3-HD-Rasalgethi	MALE
el-GR	Premium	el-GR	el-GR-Chirp3-HD-Sadachbia	MALE
el-GR	Premium	el-GR	el-GR-Chirp3-HD-Sadaltager	MALE
el-GR	Premium	el-GR	el-GR-Chirp3-HD-Schedar	MALE
el-GR	Premium	el-GR	el-GR-Chirp3-HD-Sulafat	FEMALE
el-GR	Premium	el-GR	el-GR-Chirp3-HD-Umbriel	MALE
el-GR	Premium	el-GR	el-GR-Chirp3-HD-Vindemiatrix	FEMALE
el-GR	Premium	el-GR	el-GR-Chirp3-HD-Zephyr	FEMALE
el-GR	Premium	el-GR	el-GR-Chirp3-HD-Zubenelgenubi	MALE
gu-IN	Premium	gu-IN	gu-IN-Chirp3-HD-Achernar	FEMALE
gu-IN	Premium	gu-IN	gu-IN-Chirp3-HD-Achird	MALE
gu-IN	Premium	gu-IN	gu-IN-Chirp3-HD-Algenib	MALE
gu-IN	Premium	gu-IN	gu-IN-Chirp3-HD-Algieba	MALE
gu-IN	Premium	gu-IN	gu-IN-Chirp3-HD-Alnilam	MALE
gu-IN	Premium	gu-IN	gu-IN-Chirp3-HD-Aoede	FEMALE
gu-IN	Premium	gu-IN	gu-IN-Chirp3-HD-Autonoe	FEMALE
gu-IN	Premium	gu-IN	gu-IN-Chirp3-HD-Callirrhoe	FEMALE
gu-IN	Premium	gu-IN	gu-IN-Chirp3-HD-Charon	MALE
gu-IN	Premium	gu-IN	gu-IN-Chirp3-HD-Despina	FEMALE
gu-IN	Premium	gu-IN	gu-IN-Chirp3-HD-Enceladus	MALE
gu-IN	Premium	gu-IN	gu-IN-Chirp3-HD-Erinome	FEMALE
gu-IN	Premium	gu-IN	gu-IN-Chirp3-HD-Fenrir	MALE
gu-IN	Premium	gu-IN	gu-IN-Chirp3-HD-Gacrux	FEMALE
gu-IN	Premium	gu-IN	gu-IN-Chirp3-HD-Iapetus	MALE
gu-IN	Premium	gu-IN	gu-IN-Chirp3-HD-Kore	FEMALE
gu-IN	Premium	gu-IN	gu-IN-Chirp3-HD-Laomedeia	FEMALE
gu-IN	Premium	gu-IN	gu-IN-Chirp3-HD-Leda	FEMALE
gu-IN	Premium	gu-IN	gu-IN-Chirp3-HD-Orus	MALE
gu-IN	Premium	gu-IN	gu-IN-Chirp3-HD-Puck	MALE
gu-IN	Premium	gu-IN	gu-IN-Chirp3-HD-Pulcherrima	FEMALE
gu-IN	Premium	gu-IN	gu-IN-Chirp3-HD-Rasalgethi	MALE
gu-IN	Premium	gu-IN	gu-IN-Chirp3-HD-Sadachbia	MALE
gu-IN	Premium	gu-IN	gu-IN-Chirp3-HD-Sadaltager	MALE
gu-IN	Premium	gu-IN	gu-IN-Chirp3-HD-Schedar	MALE
gu-IN	Premium	gu-IN	gu-IN-Chirp3-HD-Sulafat	FEMALE
gu-IN	Premium	gu-IN	gu-IN-Chirp3-HD-Umbriel	MALE
gu-IN	Premium	gu-IN	gu-IN-Chirp3-HD-Vindemiatrix	FEMALE
gu-IN	Premium	gu-IN	gu-IN-Chirp3-HD-Zephyr	FEMALE
gu-IN	Premium	gu-IN	gu-IN-Chirp3-HD-Zubenelgenubi	MALE
he-IL	Premium	he-IL	he-IL-Chirp3-HD-Achernar	FEMALE
he-IL	Premium	he-IL	he-IL-Chirp3-HD-Achird	MALE
he-IL	Premium	he-IL	he-IL-Chirp3-HD-Algenib	MALE
he-IL	Premium	he-IL	he-IL-Chirp3-HD-Algieba	MALE
he-IL	Premium	he-IL	he-IL-Chirp3-HD-Alnilam	MALE
he-IL	Premium	he-IL	he-IL-Chirp3-HD-Aoede	FEMALE
he-IL	Premium	he-IL	he-IL-Chirp3-HD-Autonoe	FEMALE
he-IL	Premium	he-IL	he-IL-Chirp3-HD-Callirrhoe	FEMALE
he-IL	Premium	he-IL	he-IL-Chirp3-HD-Charon	MALE
he-IL	Premium	he-IL	he-IL-Chirp3-HD-Despina	FEMALE
he-IL	Premium	he-IL	he-IL-Chirp3-HD-Enceladus	MALE
he-IL	Premium	he-IL	he-IL-Chirp3-HD-Erinome	FEMALE
he-IL	Premium	he-IL	he-IL-Chirp3-HD-Fenrir	MALE
he-IL	Premium	he-IL	he-IL-Chirp3-HD-Gacrux	FEMALE
he-IL	Premium	he-IL	he-IL-Chirp3-HD-Iapetus	MALE
he-IL	Premium	he-IL	he-IL-Chirp3-HD-Kore	FEMALE
he-IL	Premium	he-IL	he-IL-Chirp3-HD-Laomedeia	FEMALE
he-IL	Premium	he-IL	he-IL-Chirp3-HD-Leda	FEMALE
he-IL	Premium	he-IL	he-IL-Chirp3-HD-Orus	MALE
he-IL	Premium	he-IL	he-IL-Chirp3-HD-Puck	MALE
he-IL	Premium	he-IL	he-IL-Chirp3-HD-Pulcherrima	FEMALE
he-IL	Premium	he-IL	he-IL-Chirp3-HD-Rasalgethi	MALE
he-IL	Premium	he-IL	he-IL-Chirp3-HD-Sadachbia	MALE
he-IL	Premium	he-IL	he-IL-Chirp3-HD-Sadaltager	MALE
he-IL	Premium	he-IL	he-IL-Chirp3-HD-Schedar	MALE
he-IL	Premium	he-IL	he-IL-Chirp3-HD-Sulafat	FEMALE
he-IL	Premium	he-IL	he-IL-Chirp3-HD-Umbriel	MALE
he-IL	Premium	he-IL	he-IL-Chirp3-HD-Vindemiatrix	FEMALE
he-IL	Premium	he-IL	he-IL-Chirp3-HD-Zephyr	FEMALE
he-IL	Premium	he-IL	he-IL-Chirp3-HD-Zubenelgenubi	MALE
hi-IN	Premium	hi-IN	hi-IN-Chirp3-HD-Achernar	FEMALE
hi-IN	Premium	hi-IN	hi-IN-Chirp3-HD-Achird	MALE
hi-IN	Premium	hi-IN	hi-IN-Chirp3-HD-Algenib	MALE
hi-IN	Premium	hi-IN	hi-IN-Chirp3-HD-Algieba	MALE
hi-IN	Premium	hi-IN	hi-IN-Chirp3-HD-Alnilam	MALE
hi-IN	Premium	hi-IN	hi-IN-Chirp3-HD-Aoede	FEMALE
hi-IN	Premium	hi-IN	hi-IN-Chirp3-HD-Autonoe	FEMALE
hi-IN	Premium	hi-IN	hi-IN-Chirp3-HD-Callirrhoe	FEMALE
hi-IN	Premium	hi-IN	hi-IN-Chirp3-HD-Charon	MALE
hi-IN	Premium	hi-IN	hi-IN-Chirp3-HD-Despina	FEMALE
hi-IN	Premium	hi-IN	hi-IN-Chirp3-HD-Enceladus	MALE
hi-IN	Premium	hi-IN	hi-IN-Chirp3-HD-Erinome	FEMALE
hi-IN	Premium	hi-IN	hi-IN-Chirp3-HD-Fenrir	MALE
hi-IN	Premium	hi-IN	hi-IN-Chirp3-HD-Gacrux	FEMALE
hi-IN	Premium	hi-IN	hi-IN-Chirp3-HD-Iapetus	MALE
hi-IN	Premium	hi-IN	hi-IN-Chirp3-HD-Kore	FEMALE
hi-IN	Premium	hi-IN	hi-IN-Chirp3-HD-Laomedeia	FEMALE
hi-IN	Premium	hi-IN	hi-IN-Chirp3-HD-Leda	FEMALE
hi-IN	Premium	hi-IN	hi-IN-Chirp3-HD-Orus	MALE
hi-IN	Premium	hi-IN	hi-IN-Chirp3-HD-Puck	MALE
hi-IN	Premium	hi-IN	hi-IN-Chirp3-HD-Pulcherrima	FEMALE
hi-IN	Premium	hi-IN	hi-IN-Chirp3-HD-Rasalgethi	MALE
hi-IN	Premium	hi-IN	hi-IN-Chirp3-HD-Sadachbia	MALE
hi-IN	Premium	hi-IN	hi-IN-Chirp3-HD-Sadaltager	MALE
hi-IN	Premium	hi-IN	hi-IN-Chirp3-HD-Schedar	MALE
hi-IN	Premium	hi-IN	hi-IN-Chirp3-HD-Sulafat	FEMALE
hi-IN	Premium	hi-IN	hi-IN-Chirp3-HD-Umbriel	MALE
hi-IN	Premium	hi-IN	hi-IN-Chirp3-HD-Vindemiatrix	FEMALE
hi-IN	Premium	hi-IN	hi-IN-Chirp3-HD-Zephyr	FEMALE
hi-IN	Premium	hi-IN	hi-IN-Chirp3-HD-Zubenelgenubi	MALE
hu-HU	Premium	hu-HU	hu-HU-Chirp3-HD-Achernar	FEMALE
hu-HU	Premium	hu-HU	hu-HU-Chirp3-HD-Achird	MALE
hu-HU	Premium	hu-HU	hu-HU-Chirp3-HD-Algenib	MALE
hu-HU	Premium	hu-HU	hu-HU-Chirp3-HD-Algieba	MALE
hu-HU	Premium	hu-HU	hu-HU-Chirp3-HD-Alnilam	MALE
hu-HU	Premium	hu-HU	hu-HU-Chirp3-HD-Aoede	FEMALE
hu-HU	Premium	hu-HU	hu-HU-Chirp3-HD-Autonoe	FEMALE
hu-HU	Premium	hu-HU	hu-HU-Chirp3-HD-Callirrhoe	FEMALE
hu-HU	Premium	hu-HU	hu-HU-Chirp3-HD-Charon	MALE
hu-HU	Premium	hu-HU	hu-HU-Chirp3-HD-Despina	FEMALE
hu-HU	Premium	hu-HU	hu-HU-Chirp3-HD-Enceladus	MALE
hu-HU	Premium	hu-HU	hu-HU-Chirp3-HD-Erinome	FEMALE
hu-HU	Premium	hu-HU	hu-HU-Chirp3-HD-Fenrir	MALE
hu-HU	Premium	hu-HU	hu-HU-Chirp3-HD-Gacrux	FEMALE
hu-HU	Premium	hu-HU	hu-HU-Chirp3-HD-Iapetus	MALE
hu-HU	Premium	hu-HU	hu-HU-Chirp3-HD-Kore	FEMALE
hu-HU	Premium	hu-HU	hu-HU-Chirp3-HD-Laomedeia	FEMALE
hu-HU	Premium	hu-HU	hu-HU-Chirp3-HD-Leda	FEMALE
hu-HU	Premium	hu-HU	hu-HU-Chirp3-HD-Orus	MALE
hu-HU	Premium	hu-HU	hu-HU-Chirp3-HD-Puck	MALE
hu-HU	Premium	hu-HU	hu-HU-Chirp3-HD-Pulcherrima	FEMALE
hu-HU	Premium	hu-HU	hu-HU-Chirp3-HD-Rasalgethi	MALE
hu-HU	Premium	hu-HU	hu-HU-Chirp3-HD-Sadachbia	MALE
hu-HU	Premium	hu-HU	hu-HU-Chirp3-HD-Sadaltager	MALE
hu-HU	Premium	hu-HU	hu-HU-Chirp3-HD-Schedar	MALE
hu-HU	Premium	hu-HU	hu-HU-Chirp3-HD-Sulafat	FEMALE
hu-HU	Premium	hu-HU	hu-HU-Chirp3-HD-Umbriel	MALE
hu-HU	Premium	hu-HU	hu-HU-Chirp3-HD-Vindemiatrix	FEMALE
hu-HU	Premium	hu-HU	hu-HU-Chirp3-HD-Zephyr	FEMALE
hu-HU	Premium	hu-HU	hu-HU-Chirp3-HD-Zubenelgenubi	MALE
id-ID	Premium	id-ID	id-ID-Chirp3-HD-Achernar	FEMALE
id-ID	Premium	id-ID	id-ID-Chirp3-HD-Achird	MALE
id-ID	Premium	id-ID	id-ID-Chirp3-HD-Algenib	MALE
id-ID	Premium	id-ID	id-ID-Chirp3-HD-Algieba	MALE
id-ID	Premium	id-ID	id-ID-Chirp3-HD-Alnilam	MALE
id-ID	Premium	id-ID	id-ID-Chirp3-HD-Aoede	FEMALE
id-ID	Premium	id-ID	id-ID-Chirp3-HD-Autonoe	FEMALE
id-ID	Premium	id-ID	id-ID-Chirp3-HD-Callirrhoe	FEMALE
id-ID	Premium	id-ID	id-ID-Chirp3-HD-Charon	MALE
id-ID	Premium	id-ID	id-ID-Chirp3-HD-Despina	FEMALE
id-ID	Premium	id-ID	id-ID-Chirp3-HD-Enceladus	MALE
id-ID	Premium	id-ID	id-ID-Chirp3-HD-Erinome	FEMALE
id-ID	Premium	id-ID	id-ID-Chirp3-HD-Fenrir	MALE
id-ID	Premium	id-ID	id-ID-Chirp3-HD-Gacrux	FEMALE
id-ID	Premium	id-ID	id-ID-Chirp3-HD-Iapetus	MALE
id-ID	Premium	id-ID	id-ID-Chirp3-HD-Kore	FEMALE
id-ID	Premium	id-ID	id-ID-Chirp3-HD-Laomedeia	FEMALE
id-ID	Premium	id-ID	id-ID-Chirp3-HD-Leda	FEMALE
id-ID	Premium	id-ID	id-ID-Chirp3-HD-Orus	MALE
id-ID	Premium	id-ID	id-ID-Chirp3-HD-Puck	MALE
id-ID	Premium	id-ID	id-ID-Chirp3-HD-Pulcherrima	FEMALE
id-ID	Premium	id-ID	id-ID-Chirp3-HD-Rasalgethi	MALE
id-ID	Premium	id-ID	id-ID-Chirp3-HD-Sadachbia	MALE
id-ID	Premium	id-ID	id-ID-Chirp3-HD-Sadaltager	MALE
id-ID	Premium	id-ID	id-ID-Chirp3-HD-Schedar	MALE
id-ID	Premium	id-ID	id-ID-Chirp3-HD-Sulafat	FEMALE
id-ID	Premium	id-ID	id-ID-Chirp3-HD-Umbriel	MALE
id-ID	Premium	id-ID	id-ID-Chirp3-HD-Vindemiatrix	FEMALE
id-ID	Premium	id-ID	id-ID-Chirp3-HD-Zephyr	FEMALE
id-ID	Premium	id-ID	id-ID-Chirp3-HD-Zubenelgenubi	MALE
it-IT	Premium	it-IT	it-IT-Chirp3-HD-Achernar	FEMALE
it-IT	Premium	it-IT	it-IT-Chirp3-HD-Achird	MALE
it-IT	Premium	it-IT	it-IT-Chirp3-HD-Algenib	MALE
it-IT	Premium	it-IT	it-IT-Chirp3-HD-Algieba	MALE
it-IT	Premium	it-IT	it-IT-Chirp3-HD-Alnilam	MALE
it-IT	Premium	it-IT	it-IT-Chirp3-HD-Aoede	FEMALE
it-IT	Premium	it-IT	it-IT-Chirp3-HD-Autonoe	FEMALE
it-IT	Premium	it-IT	it-IT-Chirp3-HD-Callirrhoe	FEMALE
it-IT	Premium	it-IT	it-IT-Chirp3-HD-Charon	MALE
it-IT	Premium	it-IT	it-IT-Chirp3-HD-Despina	FEMALE
it-IT	Premium	it-IT	it-IT-Chirp3-HD-Enceladus	MALE
it-IT	Premium	it-IT	it-IT-Chirp3-HD-Erinome	FEMALE
it-IT	Premium	it-IT	it-IT-Chirp3-HD-Fenrir	MALE
it-IT	Premium	it-IT	it-IT-Chirp3-HD-Gacrux	FEMALE
it-IT	Premium	it-IT	it-IT-Chirp3-HD-Iapetus	MALE
it-IT	Premium	it-IT	it-IT-Chirp3-HD-Kore	FEMALE
it-IT	Premium	it-IT	it-IT-Chirp3-HD-Laomedeia	FEMALE
it-IT	Premium	it-IT	it-IT-Chirp3-HD-Leda	FEMALE
it-IT	Premium	it-IT	it-IT-Chirp3-HD-Orus	MALE
it-IT	Premium	it-IT	it-IT-Chirp3-HD-Puck	MALE
it-IT	Premium	it-IT	it-IT-Chirp3-HD-Pulcherrima	FEMALE
it-IT	Premium	it-IT	it-IT-Chirp3-HD-Rasalgethi	MALE
it-IT	Premium	it-IT	it-IT-Chirp3-HD-Sadachbia	MALE
it-IT	Premium	it-IT	it-IT-Chirp3-HD-Sadaltager	MALE
it-IT	Premium	it-IT	it-IT-Chirp3-HD-Schedar	MALE
it-IT	Premium	it-IT	it-IT-Chirp3-HD-Sulafat	FEMALE
it-IT	Premium	it-IT	it-IT-Chirp3-HD-Umbriel	MALE
it-IT	Premium	it-IT	it-IT-Chirp3-HD-Vindemiatrix	FEMALE
it-IT	Premium	it-IT	it-IT-Chirp3-HD-Zephyr	FEMALE
it-IT	Premium	it-IT	it-IT-Chirp3-HD-Zubenelgenubi	MALE
ja-JP	Premium	ja-JP	ja-JP-Chirp3-HD-Achernar	FEMALE
ja-JP	Premium	ja-JP	ja-JP-Chirp3-HD-Achird	MALE
ja-JP	Premium	ja-JP	ja-JP-Chirp3-HD-Algenib	MALE
ja-JP	Premium	ja-JP	ja-JP-Chirp3-HD-Algieba	MALE
ja-JP	Premium	ja-JP	ja-JP-Chirp3-HD-Alnilam	MALE
ja-JP	Premium	ja-JP	ja-JP-Chirp3-HD-Aoede	FEMALE
ja-JP	Premium	ja-JP	ja-JP-Chirp3-HD-Autonoe	FEMALE
ja-JP	Premium	ja-JP	ja-JP-Chirp3-HD-Callirrhoe	FEMALE
ja-JP	Premium	ja-JP	ja-JP-Chirp3-HD-Charon	MALE
ja-JP	Premium	ja-JP	ja-JP-Chirp3-HD-Despina	FEMALE
ja-JP	Premium	ja-JP	ja-JP-Chirp3-HD-Enceladus	MALE
ja-JP	Premium	ja-JP	ja-JP-Chirp3-HD-Erinome	FEMALE
ja-JP	Premium	ja-JP	ja-JP-Chirp3-HD-Fenrir	MALE
ja-JP	Premium	ja-JP	ja-JP-Chirp3-HD-Gacrux	FEMALE
ja-JP	Premium	ja-JP	ja-JP-Chirp3-HD-Iapetus	MALE
ja-JP	Premium	ja-JP	ja-JP-Chirp3-HD-Kore	FEMALE
ja-JP	Premium	ja-JP	ja-JP-Chirp3-HD-Laomedeia	FEMALE
ja-JP	Premium	ja-JP	ja-JP-Chirp3-HD-Leda	FEMALE
ja-JP	Premium	ja-JP	ja-JP-Chirp3-HD-Orus	MALE
ja-JP	Premium	ja-JP	ja-JP-Chirp3-HD-Puck	MALE
ja-JP	Premium	ja-JP	ja-JP-Chirp3-HD-Pulcherrima	FEMALE
ja-JP	Premium	ja-JP	ja-JP-Chirp3-HD-Rasalgethi	MALE
ja-JP	Premium	ja-JP	ja-JP-Chirp3-HD-Sadachbia	MALE
ja-JP	Premium	ja-JP	ja-JP-Chirp3-HD-Sadaltager	MALE
ja-JP	Premium	ja-JP	ja-JP-Chirp3-HD-Schedar	MALE
ja-JP	Premium	ja-JP	ja-JP-Chirp3-HD-Sulafat	FEMALE
ja-JP	Premium	ja-JP	ja-JP-Chirp3-HD-Umbriel	MALE
ja-JP	Premium	ja-JP	ja-JP-Chirp3-HD-Vindemiatrix	FEMALE
ja-JP	Premium	ja-JP	ja-JP-Chirp3-HD-Zephyr	FEMALE
ja-JP	Premium	ja-JP	ja-JP-Chirp3-HD-Zubenelgenubi	MALE
kn-IN	Premium	kn-IN	kn-IN-Chirp3-HD-Achernar	FEMALE
kn-IN	Premium	kn-IN	kn-IN-Chirp3-HD-Achird	MALE
kn-IN	Premium	kn-IN	kn-IN-Chirp3-HD-Algenib	MALE
kn-IN	Premium	kn-IN	kn-IN-Chirp3-HD-Algieba	MALE
kn-IN	Premium	kn-IN	kn-IN-Chirp3-HD-Alnilam	MALE
kn-IN	Premium	kn-IN	kn-IN-Chirp3-HD-Aoede	FEMALE
kn-IN	Premium	kn-IN	kn-IN-Chirp3-HD-Autonoe	FEMALE
kn-IN	Premium	kn-IN	kn-IN-Chirp3-HD-Callirrhoe	FEMALE
kn-IN	Premium	kn-IN	kn-IN-Chirp3-HD-Charon	MALE
kn-IN	Premium	kn-IN	kn-IN-Chirp3-HD-Despina	FEMALE
kn-IN	Premium	kn-IN	kn-IN-Chirp3-HD-Enceladus	MALE
kn-IN	Premium	kn-IN	kn-IN-Chirp3-HD-Erinome	FEMALE
kn-IN	Premium	kn-IN	kn-IN-Chirp3-HD-Fenrir	MALE
kn-IN	Premium	kn-IN	kn-IN-Chirp3-HD-Gacrux	FEMALE
kn-IN	Premium	kn-IN	kn-IN-Chirp3-HD-Iapetus	MALE
kn-IN	Premium	kn-IN	kn-IN-Chirp3-HD-Kore	FEMALE
kn-IN	Premium	kn-IN	kn-IN-Chirp3-HD-Laomedeia	FEMALE
kn-IN	Premium	kn-IN	kn-IN-Chirp3-HD-Leda	FEMALE
kn-IN	Premium	kn-IN	kn-IN-Chirp3-HD-Orus	MALE
kn-IN	Premium	kn-IN	kn-IN-Chirp3-HD-Puck	MALE
kn-IN	Premium	kn-IN	kn-IN-Chirp3-HD-Pulcherrima	FEMALE
kn-IN	Premium	kn-IN	kn-IN-Chirp3-HD-Rasalgethi	MALE
kn-IN	Premium	kn-IN	kn-IN-Chirp3-HD-Sadachbia	MALE
kn-IN	Premium	kn-IN	kn-IN-Chirp3-HD-Sadaltager	MALE
kn-IN	Premium	kn-IN	kn-IN-Chirp3-HD-Schedar	MALE
kn-IN	Premium	kn-IN	kn-IN-Chirp3-HD-Sulafat	FEMALE
kn-IN	Premium	kn-IN	kn-IN-Chirp3-HD-Umbriel	MALE
kn-IN	Premium	kn-IN	kn-IN-Chirp3-HD-Vindemiatrix	FEMALE
kn-IN	Premium	kn-IN	kn-IN-Chirp3-HD-Zephyr	FEMALE
kn-IN	Premium	kn-IN	kn-IN-Chirp3-HD-Zubenelgenubi	MALE
ko-KR	Premium	ko-KR	ko-KR-Chirp3-HD-Achernar	FEMALE
ko-KR	Premium	ko-KR	ko-KR-Chirp3-HD-Achird	MALE
ko-KR	Premium	ko-KR	ko-KR-Chirp3-HD-Algenib	MALE
ko-KR	Premium	ko-KR	ko-KR-Chirp3-HD-Algieba	MALE
ko-KR	Premium	ko-KR	ko-KR-Chirp3-HD-Alnilam	MALE
ko-KR	Premium	ko-KR	ko-KR-Chirp3-HD-Aoede	FEMALE
ko-KR	Premium	ko-KR	ko-KR-Chirp3-HD-Autonoe	FEMALE
ko-KR	Premium	ko-KR	ko-KR-Chirp3-HD-Callirrhoe	FEMALE
ko-KR	Premium	ko-KR	ko-KR-Chirp3-HD-Charon	MALE
ko-KR	Premium	ko-KR	ko-KR-Chirp3-HD-Despina	FEMALE
ko-KR	Premium	ko-KR	ko-KR-Chirp3-HD-Enceladus	MALE
ko-KR	Premium	ko-KR	ko-KR-Chirp3-HD-Erinome	FEMALE
ko-KR	Premium	ko-KR	ko-KR-Chirp3-HD-Fenrir	MALE
ko-KR	Premium	ko-KR	ko-KR-Chirp3-HD-Gacrux	FEMALE
ko-KR	Premium	ko-KR	ko-KR-Chirp3-HD-Iapetus	MALE
ko-KR	Premium	ko-KR	ko-KR-Chirp3-HD-Kore	FEMALE
ko-KR	Premium	ko-KR	ko-KR-Chirp3-HD-Laomedeia	FEMALE
ko-KR	Premium	ko-KR	ko-KR-Chirp3-HD-Leda	FEMALE
ko-KR	Premium	ko-KR	ko-KR-Chirp3-HD-Orus	MALE
ko-KR	Premium	ko-KR	ko-KR-Chirp3-HD-Puck	MALE
ko-KR	Premium	ko-KR	ko-KR-Chirp3-HD-Pulcherrima	FEMALE
ko-KR	Premium	ko-KR	ko-KR-Chirp3-HD-Rasalgethi	MALE
ko-KR	Premium	ko-KR	ko-KR-Chirp3-HD-Sadachbia	MALE
ko-KR	Premium	ko-KR	ko-KR-Chirp3-HD-Sadaltager	MALE
ko-KR	Premium	ko-KR	ko-KR-Chirp3-HD-Schedar	MALE
ko-KR	Premium	ko-KR	ko-KR-Chirp3-HD-Sulafat	FEMALE
ko-KR	Premium	ko-KR	ko-KR-Chirp3-HD-Umbriel	MALE
ko-KR	Premium	ko-KR	ko-KR-Chirp3-HD-Vindemiatrix	FEMALE
ko-KR	Premium	ko-KR	ko-KR-Chirp3-HD-Zephyr	FEMALE
ko-KR	Premium	ko-KR	ko-KR-Chirp3-HD-Zubenelgenubi	MALE
lv-LV	Premium	lv-LV	lv-LV-Chirp3-HD-Achernar	FEMALE
lv-LV	Premium	lv-LV	lv-LV-Chirp3-HD-Achird	MALE
lv-LV	Premium	lv-LV	lv-LV-Chirp3-HD-Algenib	MALE
lv-LV	Premium	lv-LV	lv-LV-Chirp3-HD-Algieba	MALE
lv-LV	Premium	lv-LV	lv-LV-Chirp3-HD-Alnilam	MALE
lv-LV	Premium	lv-LV	lv-LV-Chirp3-HD-Aoede	FEMALE
lv-LV	Premium	lv-LV	lv-LV-Chirp3-HD-Autonoe	FEMALE
lv-LV	Premium	lv-LV	lv-LV-Chirp3-HD-Callirrhoe	FEMALE
lv-LV	Premium	lv-LV	lv-LV-Chirp3-HD-Charon	MALE
lv-LV	Premium	lv-LV	lv-LV-Chirp3-HD-Despina	FEMALE
lv-LV	Premium	lv-LV	lv-LV-Chirp3-HD-Enceladus	MALE
lv-LV	Premium	lv-LV	lv-LV-Chirp3-HD-Erinome	FEMALE
lv-LV	Premium	lv-LV	lv-LV-Chirp3-HD-Fenrir	MALE
lv-LV	Premium	lv-LV	lv-LV-Chirp3-HD-Gacrux	FEMALE
lv-LV	Premium	lv-LV	lv-LV-Chirp3-HD-Iapetus	MALE
lv-LV	Premium	lv-LV	lv-LV-Chirp3-HD-Kore	FEMALE
lv-LV	Premium	lv-LV	lv-LV-Chirp3-HD-Laomedeia	FEMALE
lv-LV	Premium	lv-LV	lv-LV-Chirp3-HD-Leda	FEMALE
lv-LV	Premium	lv-LV	lv-LV-Chirp3-HD-Orus	MALE
lv-LV	Premium	lv-LV	lv-LV-Chirp3-HD-Puck	MALE
lv-LV	Premium	lv-LV	lv-LV-Chirp3-HD-Pulcherrima	FEMALE
lv-LV	Premium	lv-LV	lv-LV-Chirp3-HD-Rasalgethi	MALE
lv-LV	Premium	lv-LV	lv-LV-Chirp3-HD-Sadachbia	MALE
lv-LV	Premium	lv-LV	lv-LV-Chirp3-HD-Sadaltager	MALE
lv-LV	Premium	lv-LV	lv-LV-Chirp3-HD-Schedar	MALE
lv-LV	Premium	lv-LV	lv-LV-Chirp3-HD-Sulafat	FEMALE
lv-LV	Premium	lv-LV	lv-LV-Chirp3-HD-Umbriel	MALE
lv-LV	Premium	lv-LV	lv-LV-Chirp3-HD-Vindemiatrix	FEMALE
lv-LV	Premium	lv-LV	lv-LV-Chirp3-HD-Zephyr	FEMALE
lv-LV	Premium	lv-LV	lv-LV-Chirp3-HD-Zubenelgenubi	MALE
lt-LT	Premium	lt-LT	lt-LT-Chirp3-HD-Achernar	FEMALE
lt-LT	Premium	lt-LT	lt-LT-Chirp3-HD-Achird	MALE
lt-LT	Premium	lt-LT	lt-LT-Chirp3-HD-Algenib	MALE
lt-LT	Premium	lt-LT	lt-LT-Chirp3-HD-Algieba	MALE
lt-LT	Premium	lt-LT	lt-LT-Chirp3-HD-Alnilam	MALE
lt-LT	Premium	lt-LT	lt-LT-Chirp3-HD-Aoede	FEMALE
lt-LT	Premium	lt-LT	lt-LT-Chirp3-HD-Autonoe	FEMALE
lt-LT	Premium	lt-LT	lt-LT-Chirp3-HD-Callirrhoe	FEMALE
lt-LT	Premium	lt-LT	lt-LT-Chirp3-HD-Charon	MALE
lt-LT	Premium	lt-LT	lt-LT-Chirp3-HD-Despina	FEMALE
lt-LT	Premium	lt-LT	lt-LT-Chirp3-HD-Enceladus	MALE
lt-LT	Premium	lt-LT	lt-LT-Chirp3-HD-Erinome	FEMALE
lt-LT	Premium	lt-LT	lt-LT-Chirp3-HD-Fenrir	MALE
lt-LT	Premium	lt-LT	lt-LT-Chirp3-HD-Gacrux	FEMALE
lt-LT	Premium	lt-LT	lt-LT-Chirp3-HD-Iapetus	MALE
lt-LT	Premium	lt-LT	lt-LT-Chirp3-HD-Kore	FEMALE
lt-LT	Premium	lt-LT	lt-LT-Chirp3-HD-Laomedeia	FEMALE
lt-LT	Premium	lt-LT	lt-LT-Chirp3-HD-Leda	FEMALE
lt-LT	Premium	lt-LT	lt-LT-Chirp3-HD-Orus	MALE
lt-LT	Premium	lt-LT	lt-LT-Chirp3-HD-Puck	MALE
lt-LT	Premium	lt-LT	lt-LT-Chirp3-HD-Pulcherrima	FEMALE
lt-LT	Premium	lt-LT	lt-LT-Chirp3-HD-Rasalgethi	MALE
lt-LT	Premium	lt-LT	lt-LT-Chirp3-HD-Sadachbia	MALE
lt-LT	Premium	lt-LT	lt-LT-Chirp3-HD-Sadaltager	MALE
lt-LT	Premium	lt-LT	lt-LT-Chirp3-HD-Schedar	MALE
lt-LT	Premium	lt-LT	lt-LT-Chirp3-HD-Sulafat	FEMALE
lt-LT	Premium	lt-LT	lt-LT-Chirp3-HD-Umbriel	MALE
lt-LT	Premium	lt-LT	lt-LT-Chirp3-HD-Vindemiatrix	FEMALE
lt-LT	Premium	lt-LT	lt-LT-Chirp3-HD-Zephyr	FEMALE
lt-LT	Premium	lt-LT	lt-LT-Chirp3-HD-Zubenelgenubi	MALE
ml-IN	Premium	ml-IN	ml-IN-Chirp3-HD-Achernar	FEMALE
ml-IN	Premium	ml-IN	ml-IN-Chirp3-HD-Achird	MALE
ml-IN	Premium	ml-IN	ml-IN-Chirp3-HD-Algenib	MALE
ml-IN	Premium	ml-IN	ml-IN-Chirp3-HD-Algieba	MALE
ml-IN	Premium	ml-IN	ml-IN-Chirp3-HD-Alnilam	MALE
ml-IN	Premium	ml-IN	ml-IN-Chirp3-HD-Aoede	FEMALE
ml-IN	Premium	ml-IN	ml-IN-Chirp3-HD-Autonoe	FEMALE
ml-IN	Premium	ml-IN	ml-IN-Chirp3-HD-Callirrhoe	FEMALE
ml-IN	Premium	ml-IN	ml-IN-Chirp3-HD-Charon	MALE
ml-IN	Premium	ml-IN	ml-IN-Chirp3-HD-Despina	FEMALE
ml-IN	Premium	ml-IN	ml-IN-Chirp3-HD-Enceladus	MALE
ml-IN	Premium	ml-IN	ml-IN-Chirp3-HD-Erinome	FEMALE
ml-IN	Premium	ml-IN	ml-IN-Chirp3-HD-Fenrir	MALE
ml-IN	Premium	ml-IN	ml-IN-Chirp3-HD-Gacrux	FEMALE
ml-IN	Premium	ml-IN	ml-IN-Chirp3-HD-Iapetus	MALE
ml-IN	Premium	ml-IN	ml-IN-Chirp3-HD-Kore	FEMALE
ml-IN	Premium	ml-IN	ml-IN-Chirp3-HD-Laomedeia	FEMALE
ml-IN	Premium	ml-IN	ml-IN-Chirp3-HD-Leda	FEMALE
ml-IN	Premium	ml-IN	ml-IN-Chirp3-HD-Orus	MALE
ml-IN	Premium	ml-IN	ml-IN-Chirp3-HD-Puck	MALE
ml-IN	Premium	ml-IN	ml-IN-Chirp3-HD-Pulcherrima	FEMALE
ml-IN	Premium	ml-IN	ml-IN-Chirp3-HD-Rasalgethi	MALE
ml-IN	Premium	ml-IN	ml-IN-Chirp3-HD-Sadachbia	MALE
ml-IN	Premium	ml-IN	ml-IN-Chirp3-HD-Sadaltager	MALE
ml-IN	Premium	ml-IN	ml-IN-Chirp3-HD-Schedar	MALE
ml-IN	Premium	ml-IN	ml-IN-Chirp3-HD-Sulafat	FEMALE
ml-IN	Premium	ml-IN	ml-IN-Chirp3-HD-Umbriel	MALE
ml-IN	Premium	ml-IN	ml-IN-Chirp3-HD-Vindemiatrix	FEMALE
ml-IN	Premium	ml-IN	ml-IN-Chirp3-HD-Zephyr	FEMALE
ml-IN	Premium	ml-IN	ml-IN-Chirp3-HD-Zubenelgenubi	MALE
cmn-CN	Premium	cmn-CN	cmn-CN-Chirp3-HD-Achernar	FEMALE
cmn-CN	Premium	cmn-CN	cmn-CN-Chirp3-HD-Achird	MALE
cmn-CN	Premium	cmn-CN	cmn-CN-Chirp3-HD-Algenib	MALE
cmn-CN	Premium	cmn-CN	cmn-CN-Chirp3-HD-Algieba	MALE
cmn-CN	Premium	cmn-CN	cmn-CN-Chirp3-HD-Alnilam	MALE
cmn-CN	Premium	cmn-CN	cmn-CN-Chirp3-HD-Aoede	FEMALE
cmn-CN	Premium	cmn-CN	cmn-CN-Chirp3-HD-Autonoe	FEMALE
cmn-CN	Premium	cmn-CN	cmn-CN-Chirp3-HD-Callirrhoe	FEMALE
cmn-CN	Premium	cmn-CN	cmn-CN-Chirp3-HD-Charon	MALE
cmn-CN	Premium	cmn-CN	cmn-CN-Chirp3-HD-Despina	FEMALE
cmn-CN	Premium	cmn-CN	cmn-CN-Chirp3-HD-Enceladus	MALE
cmn-CN	Premium	cmn-CN	cmn-CN-Chirp3-HD-Erinome	FEMALE
cmn-CN	Premium	cmn-CN	cmn-CN-Chirp3-HD-Fenrir	MALE
cmn-CN	Premium	cmn-CN	cmn-CN-Chirp3-HD-Gacrux	FEMALE
cmn-CN	Premium	cmn-CN	cmn-CN-Chirp3-HD-Iapetus	MALE
cmn-CN	Premium	cmn-CN	cmn-CN-Chirp3-HD-Kore	FEMALE
cmn-CN	Premium	cmn-CN	cmn-CN-Chirp3-HD-Laomedeia	FEMALE
cmn-CN	Premium	cmn-CN	cmn-CN-Chirp3-HD-Leda	FEMALE
cmn-CN	Premium	cmn-CN	cmn-CN-Chirp3-HD-Orus	MALE
cmn-CN	Premium	cmn-CN	cmn-CN-Chirp3-HD-Puck	MALE
cmn-CN	Premium	cmn-CN	cmn-CN-Chirp3-HD-Pulcherrima	FEMALE
cmn-CN	Premium	cmn-CN	cmn-CN-Chirp3-HD-Rasalgethi	MALE
cmn-CN	Premium	cmn-CN	cmn-CN-Chirp3-HD-Sadachbia	MALE
cmn-CN	Premium	cmn-CN	cmn-CN-Chirp3-HD-Sadaltager	MALE
cmn-CN	Premium	cmn-CN	cmn-CN-Chirp3-HD-Schedar	MALE
cmn-CN	Premium	cmn-CN	cmn-CN-Chirp3-HD-Sulafat	FEMALE
cmn-CN	Premium	cmn-CN	cmn-CN-Chirp3-HD-Umbriel	MALE
cmn-CN	Premium	cmn-CN	cmn-CN-Chirp3-HD-Vindemiatrix	FEMALE
cmn-CN	Premium	cmn-CN	cmn-CN-Chirp3-HD-Zephyr	FEMALE
cmn-CN	Premium	cmn-CN	cmn-CN-Chirp3-HD-Zubenelgenubi	MALE
mr-IN	Premium	mr-IN	mr-IN-Chirp3-HD-Achernar	FEMALE
mr-IN	Premium	mr-IN	mr-IN-Chirp3-HD-Achird	MALE
mr-IN	Premium	mr-IN	mr-IN-Chirp3-HD-Algenib	MALE
mr-IN	Premium	mr-IN	mr-IN-Chirp3-HD-Algieba	MALE
mr-IN	Premium	mr-IN	mr-IN-Chirp3-HD-Alnilam	MALE
mr-IN	Premium	mr-IN	mr-IN-Chirp3-HD-Aoede	FEMALE
mr-IN	Premium	mr-IN	mr-IN-Chirp3-HD-Autonoe	FEMALE
mr-IN	Premium	mr-IN	mr-IN-Chirp3-HD-Callirrhoe	FEMALE
mr-IN	Premium	mr-IN	mr-IN-Chirp3-HD-Charon	MALE
mr-IN	Premium	mr-IN	mr-IN-Chirp3-HD-Despina	FEMALE
mr-IN	Premium	mr-IN	mr-IN-Chirp3-HD-Enceladus	MALE
mr-IN	Premium	mr-IN	mr-IN-Chirp3-HD-Erinome	FEMALE
mr-IN	Premium	mr-IN	mr-IN-Chirp3-HD-Fenrir	MALE
mr-IN	Premium	mr-IN	mr-IN-Chirp3-HD-Gacrux	FEMALE
mr-IN	Premium	mr-IN	mr-IN-Chirp3-HD-Iapetus	MALE
mr-IN	Premium	mr-IN	mr-IN-Chirp3-HD-Kore	FEMALE
mr-IN	Premium	mr-IN	mr-IN-Chirp3-HD-Laomedeia	FEMALE
mr-IN	Premium	mr-IN	mr-IN-Chirp3-HD-Leda	FEMALE
mr-IN	Premium	mr-IN	mr-IN-Chirp3-HD-Orus	MALE
mr-IN	Premium	mr-IN	mr-IN-Chirp3-HD-Puck	MALE
mr-IN	Premium	mr-IN	mr-IN-Chirp3-HD-Pulcherrima	FEMALE
mr-IN	Premium	mr-IN	mr-IN-Chirp3-HD-Rasalgethi	MALE
mr-IN	Premium	mr-IN	mr-IN-Chirp3-HD-Sadachbia	MALE
mr-IN	Premium	mr-IN	mr-IN-Chirp3-HD-Sadaltager	MALE
mr-IN	Premium	mr-IN	mr-IN-Chirp3-HD-Schedar	MALE
mr-IN	Premium	mr-IN	mr-IN-Chirp3-HD-Sulafat	FEMALE
mr-IN	Premium	mr-IN	mr-IN-Chirp3-HD-Umbriel	MALE
mr-IN	Premium	mr-IN	mr-IN-Chirp3-HD-Vindemiatrix	FEMALE
mr-IN	Premium	mr-IN	mr-IN-Chirp3-HD-Zephyr	FEMALE
mr-IN	Premium	mr-IN	mr-IN-Chirp3-HD-Zubenelgenubi	MALE
nb-NO	Premium	nb-NO	nb-NO-Chirp3-HD-Achernar	FEMALE
nb-NO	Premium	nb-NO	nb-NO-Chirp3-HD-Achird	MALE
nb-NO	Premium	nb-NO	nb-NO-Chirp3-HD-Algenib	MALE
nb-NO	Premium	nb-NO	nb-NO-Chirp3-HD-Algieba	MALE
nb-NO	Premium	nb-NO	nb-NO-Chirp3-HD-Alnilam	MALE
nb-NO	Premium	nb-NO	nb-NO-Chirp3-HD-Aoede	FEMALE
nb-NO	Premium	nb-NO	nb-NO-Chirp3-HD-Autonoe	FEMALE
nb-NO	Premium	nb-NO	nb-NO-Chirp3-HD-Callirrhoe	FEMALE
nb-NO	Premium	nb-NO	nb-NO-Chirp3-HD-Charon	MALE
nb-NO	Premium	nb-NO	nb-NO-Chirp3-HD-Despina	FEMALE
nb-NO	Premium	nb-NO	nb-NO-Chirp3-HD-Enceladus	MALE
nb-NO	Premium	nb-NO	nb-NO-Chirp3-HD-Erinome	FEMALE
nb-NO	Premium	nb-NO	nb-NO-Chirp3-HD-Fenrir	MALE
nb-NO	Premium	nb-NO	nb-NO-Chirp3-HD-Gacrux	FEMALE
nb-NO	Premium	nb-NO	nb-NO-Chirp3-HD-Iapetus	MALE
nb-NO	Premium	nb-NO	nb-NO-Chirp3-HD-Kore	FEMALE
nb-NO	Premium	nb-NO	nb-NO-Chirp3-HD-Laomedeia	FEMALE
nb-NO	Premium	nb-NO	nb-NO-Chirp3-HD-Leda	FEMALE
nb-NO	Premium	nb-NO	nb-NO-Chirp3-HD-Orus	MALE
nb-NO	Premium	nb-NO	nb-NO-Chirp3-HD-Puck	MALE
nb-NO	Premium	nb-NO	nb-NO-Chirp3-HD-Pulcherrima	FEMALE
nb-NO	Premium	nb-NO	nb-NO-Chirp3-HD-Rasalgethi	MALE
nb-NO	Premium	nb-NO	nb-NO-Chirp3-HD-Sadachbia	MALE
nb-NO	Premium	nb-NO	nb-NO-Chirp3-HD-Sadaltager	MALE
nb-NO	Premium	nb-NO	nb-NO-Chirp3-HD-Schedar	MALE
nb-NO	Premium	nb-NO	nb-NO-Chirp3-HD-Sulafat	FEMALE
nb-NO	Premium	nb-NO	nb-NO-Chirp3-HD-Umbriel	MALE
nb-NO	Premium	nb-NO	nb-NO-Chirp3-HD-Vindemiatrix	FEMALE
nb-NO	Premium	nb-NO	nb-NO-Chirp3-HD-Zephyr	FEMALE
nb-NO	Premium	nb-NO	nb-NO-Chirp3-HD-Zubenelgenubi	MALE
pl-PL	Premium	pl-PL	pl-PL-Chirp3-HD-Achernar	FEMALE
pl-PL	Premium	pl-PL	pl-PL-Chirp3-HD-Achird	MALE
pl-PL	Premium	pl-PL	pl-PL-Chirp3-HD-Algenib	MALE
pl-PL	Premium	pl-PL	pl-PL-Chirp3-HD-Algieba	MALE
pl-PL	Premium	pl-PL	pl-PL-Chirp3-HD-Alnilam	MALE
pl-PL	Premium	pl-PL	pl-PL-Chirp3-HD-Aoede	FEMALE
pl-PL	Premium	pl-PL	pl-PL-Chirp3-HD-Autonoe	FEMALE
pl-PL	Premium	pl-PL	pl-PL-Chirp3-HD-Callirrhoe	FEMALE
pl-PL	Premium	pl-PL	pl-PL-Chirp3-HD-Charon	MALE
pl-PL	Premium	pl-PL	pl-PL-Chirp3-HD-Despina	FEMALE
pl-PL	Premium	pl-PL	pl-PL-Chirp3-HD-Enceladus	MALE
pl-PL	Premium	pl-PL	pl-PL-Chirp3-HD-Erinome	FEMALE
pl-PL	Premium	pl-PL	pl-PL-Chirp3-HD-Fenrir	MALE
pl-PL	Premium	pl-PL	pl-PL-Chirp3-HD-Gacrux	FEMALE
pl-PL	Premium	pl-PL	pl-PL-Chirp3-HD-Iapetus	MALE
pl-PL	Premium	pl-PL	pl-PL-Chirp3-HD-Kore	FEMALE
pl-PL	Premium	pl-PL	pl-PL-Chirp3-HD-Laomedeia	FEMALE
pl-PL	Premium	pl-PL	pl-PL-Chirp3-HD-Leda	FEMALE
pl-PL	Premium	pl-PL	pl-PL-Chirp3-HD-Orus	MALE
pl-PL	Premium	pl-PL	pl-PL-Chirp3-HD-Puck	MALE
pl-PL	Premium	pl-PL	pl-PL-Chirp3-HD-Pulcherrima	FEMALE
pl-PL	Premium	pl-PL	pl-PL-Chirp3-HD-Rasalgethi	MALE
pl-PL	Premium	pl-PL	pl-PL-Chirp3-HD-Sadachbia	MALE
pl-PL	Premium	pl-PL	pl-PL-Chirp3-HD-Sadaltager	MALE
pl-PL	Premium	pl-PL	pl-PL-Chirp3-HD-Schedar	MALE
pl-PL	Premium	pl-PL	pl-PL-Chirp3-HD-Sulafat	FEMALE
pl-PL	Premium	pl-PL	pl-PL-Chirp3-HD-Umbriel	MALE
pl-PL	Premium	pl-PL	pl-PL-Chirp3-HD-Vindemiatrix	FEMALE
pl-PL	Premium	pl-PL	pl-PL-Chirp3-HD-Zephyr	FEMALE
pl-PL	Premium	pl-PL	pl-PL-Chirp3-HD-Zubenelgenubi	MALE
pt-BR	Premium	pt-BR	pt-BR-Chirp3-HD-Achernar	FEMALE
pt-BR	Premium	pt-BR	pt-BR-Chirp3-HD-Achird	MALE
pt-BR	Premium	pt-BR	pt-BR-Chirp3-HD-Algenib	MALE
pt-BR	Premium	pt-BR	pt-BR-Chirp3-HD-Algieba	MALE
pt-BR	Premium	pt-BR	pt-BR-Chirp3-HD-Alnilam	MALE
pt-BR	Premium	pt-BR	pt-BR-Chirp3-HD-Aoede	FEMALE
pt-BR	Premium	pt-BR	pt-BR-Chirp3-HD-Autonoe	FEMALE
pt-BR	Premium	pt-BR	pt-BR-Chirp3-HD-Callirrhoe	FEMALE
pt-BR	Premium	pt-BR	pt-BR-Chirp3-HD-Charon	MALE
pt-BR	Premium	pt-BR	pt-BR-Chirp3-HD-Despina	FEMALE
pt-BR	Premium	pt-BR	pt-BR-Chirp3-HD-Enceladus	MALE
pt-BR	Premium	pt-BR	pt-BR-Chirp3-HD-Erinome	FEMALE
pt-BR	Premium	pt-BR	pt-BR-Chirp3-HD-Fenrir	MALE
pt-BR	Premium	pt-BR	pt-BR-Chirp3-HD-Gacrux	FEMALE
pt-BR	Premium	pt-BR	pt-BR-Chirp3-HD-Iapetus	MALE
pt-BR	Premium	pt-BR	pt-BR-Chirp3-HD-Kore	FEMALE
pt-BR	Premium	pt-BR	pt-BR-Chirp3-HD-Laomedeia	FEMALE
pt-BR	Premium	pt-BR	pt-BR-Chirp3-HD-Leda	FEMALE
pt-BR	Premium	pt-BR	pt-BR-Chirp3-HD-Orus	MALE
pt-BR	Premium	pt-BR	pt-BR-Chirp3-HD-Puck	MALE
pt-BR	Premium	pt-BR	pt-BR-Chirp3-HD-Pulcherrima	FEMALE
pt-BR	Premium	pt-BR	pt-BR-Chirp3-HD-Rasalgethi	MALE
pt-BR	Premium	pt-BR	pt-BR-Chirp3-HD-Sadachbia	MALE
pt-BR	Premium	pt-BR	pt-BR-Chirp3-HD-Sadaltager	MALE
pt-BR	Premium	pt-BR	pt-BR-Chirp3-HD-Schedar	MALE
pt-BR	Premium	pt-BR	pt-BR-Chirp3-HD-Sulafat	FEMALE
pt-BR	Premium	pt-BR	pt-BR-Chirp3-HD-Umbriel	MALE
pt-BR	Premium	pt-BR	pt-BR-Chirp3-HD-Vindemiatrix	FEMALE
pt-BR	Premium	pt-BR	pt-BR-Chirp3-HD-Zephyr	FEMALE
pt-BR	Premium	pt-BR	pt-BR-Chirp3-HD-Zubenelgenubi	MALE
pa-IN	Premium	pa-IN	pa-IN-Chirp3-HD-Achernar	FEMALE
pa-IN	Premium	pa-IN	pa-IN-Chirp3-HD-Achird	MALE
pa-IN	Premium	pa-IN	pa-IN-Chirp3-HD-Algenib	MALE
pa-IN	Premium	pa-IN	pa-IN-Chirp3-HD-Algieba	MALE
pa-IN	Premium	pa-IN	pa-IN-Chirp3-HD-Alnilam	MALE
pa-IN	Premium	pa-IN	pa-IN-Chirp3-HD-Aoede	FEMALE
pa-IN	Premium	pa-IN	pa-IN-Chirp3-HD-Autonoe	FEMALE
pa-IN	Premium	pa-IN	pa-IN-Chirp3-HD-Callirrhoe	FEMALE
pa-IN	Premium	pa-IN	pa-IN-Chirp3-HD-Charon	MALE
pa-IN	Premium	pa-IN	pa-IN-Chirp3-HD-Despina	FEMALE
pa-IN	Premium	pa-IN	pa-IN-Chirp3-HD-Enceladus	MALE
pa-IN	Premium	pa-IN	pa-IN-Chirp3-HD-Erinome	FEMALE
pa-IN	Premium	pa-IN	pa-IN-Chirp3-HD-Fenrir	MALE
pa-IN	Premium	pa-IN	pa-IN-Chirp3-HD-Gacrux	FEMALE
pa-IN	Premium	pa-IN	pa-IN-Chirp3-HD-Iapetus	MALE
pa-IN	Premium	pa-IN	pa-IN-Chirp3-HD-Kore	FEMALE
pa-IN	Premium	pa-IN	pa-IN-Chirp3-HD-Laomedeia	FEMALE
pa-IN	Premium	pa-IN	pa-IN-Chirp3-HD-Leda	FEMALE
pa-IN	Premium	pa-IN	pa-IN-Chirp3-HD-Orus	MALE
pa-IN	Premium	pa-IN	pa-IN-Chirp3-HD-Puck	MALE
pa-IN	Premium	pa-IN	pa-IN-Chirp3-HD-Pulcherrima	FEMALE
pa-IN	Premium	pa-IN	pa-IN-Chirp3-HD-Rasalgethi	MALE
pa-IN	Premium	pa-IN	pa-IN-Chirp3-HD-Sadachbia	MALE
pa-IN	Premium	pa-IN	pa-IN-Chirp3-HD-Sadaltager	MALE
pa-IN	Premium	pa-IN	pa-IN-Chirp3-HD-Schedar	MALE
pa-IN	Premium	pa-IN	pa-IN-Chirp3-HD-Sulafat	FEMALE
pa-IN	Premium	pa-IN	pa-IN-Chirp3-HD-Umbriel	MALE
pa-IN	Premium	pa-IN	pa-IN-Chirp3-HD-Vindemiatrix	FEMALE
pa-IN	Premium	pa-IN	pa-IN-Chirp3-HD-Zephyr	FEMALE
pa-IN	Premium	pa-IN	pa-IN-Chirp3-HD-Zubenelgenubi	MALE
ro-RO	Premium	ro-RO	ro-RO-Chirp3-HD-Achernar	FEMALE
ro-RO	Premium	ro-RO	ro-RO-Chirp3-HD-Achird	MALE
ro-RO	Premium	ro-RO	ro-RO-Chirp3-HD-Algenib	MALE
ro-RO	Premium	ro-RO	ro-RO-Chirp3-HD-Algieba	MALE
ro-RO	Premium	ro-RO	ro-RO-Chirp3-HD-Alnilam	MALE
ro-RO	Premium	ro-RO	ro-RO-Chirp3-HD-Aoede	FEMALE
ro-RO	Premium	ro-RO	ro-RO-Chirp3-HD-Autonoe	FEMALE
ro-RO	Premium	ro-RO	ro-RO-Chirp3-HD-Callirrhoe	FEMALE
ro-RO	Premium	ro-RO	ro-RO-Chirp3-HD-Charon	MALE
ro-RO	Premium	ro-RO	ro-RO-Chirp3-HD-Despina	FEMALE
ro-RO	Premium	ro-RO	ro-RO-Chirp3-HD-Enceladus	MALE
ro-RO	Premium	ro-RO	ro-RO-Chirp3-HD-Erinome	FEMALE
ro-RO	Premium	ro-RO	ro-RO-Chirp3-HD-Fenrir	MALE
ro-RO	Premium	ro-RO	ro-RO-Chirp3-HD-Gacrux	FEMALE
ro-RO	Premium	ro-RO	ro-RO-Chirp3-HD-Iapetus	MALE
ro-RO	Premium	ro-RO	ro-RO-Chirp3-HD-Kore	FEMALE
ro-RO	Premium	ro-RO	ro-RO-Chirp3-HD-Laomedeia	FEMALE
ro-RO	Premium	ro-RO	ro-RO-Chirp3-HD-Leda	FEMALE
ro-RO	Premium	ro-RO	ro-RO-Chirp3-HD-Orus	MALE
ro-RO	Premium	ro-RO	ro-RO-Chirp3-HD-Puck	MALE
ro-RO	Premium	ro-RO	ro-RO-Chirp3-HD-Pulcherrima	FEMALE
ro-RO	Premium	ro-RO	ro-RO-Chirp3-HD-Rasalgethi	MALE
ro-RO	Premium	ro-RO	ro-RO-Chirp3-HD-Sadachbia	MALE
ro-RO	Premium	ro-RO	ro-RO-Chirp3-HD-Sadaltager	MALE
ro-RO	Premium	ro-RO	ro-RO-Chirp3-HD-Schedar	MALE
ro-RO	Premium	ro-RO	ro-RO-Chirp3-HD-Sulafat	FEMALE
ro-RO	Premium	ro-RO	ro-RO-Chirp3-HD-Umbriel	MALE
ro-RO	Premium	ro-RO	ro-RO-Chirp3-HD-Vindemiatrix	FEMALE
ro-RO	Premium	ro-RO	ro-RO-Chirp3-HD-Zephyr	FEMALE
ro-RO	Premium	ro-RO	ro-RO-Chirp3-HD-Zubenelgenubi	MALE
sr-RS	Premium	sr-RS	sr-RS-Chirp3-HD-Achernar	FEMALE
sr-RS	Premium	sr-RS	sr-RS-Chirp3-HD-Achird	MALE
sr-RS	Premium	sr-RS	sr-RS-Chirp3-HD-Algenib	MALE
sr-RS	Premium	sr-RS	sr-RS-Chirp3-HD-Algieba	MALE
sr-RS	Premium	sr-RS	sr-RS-Chirp3-HD-Alnilam	MALE
sr-RS	Premium	sr-RS	sr-RS-Chirp3-HD-Aoede	FEMALE
sr-RS	Premium	sr-RS	sr-RS-Chirp3-HD-Autonoe	FEMALE
sr-RS	Premium	sr-RS	sr-RS-Chirp3-HD-Callirrhoe	FEMALE
sr-RS	Premium	sr-RS	sr-RS-Chirp3-HD-Charon	MALE
sr-RS	Premium	sr-RS	sr-RS-Chirp3-HD-Despina	FEMALE
sr-RS	Premium	sr-RS	sr-RS-Chirp3-HD-Enceladus	MALE
sr-RS	Premium	sr-RS	sr-RS-Chirp3-HD-Erinome	FEMALE
sr-RS	Premium	sr-RS	sr-RS-Chirp3-HD-Fenrir	MALE
sr-RS	Premium	sr-RS	sr-RS-Chirp3-HD-Gacrux	FEMALE
sr-RS	Premium	sr-RS	sr-RS-Chirp3-HD-Iapetus	MALE
sr-RS	Premium	sr-RS	sr-RS-Chirp3-HD-Kore	FEMALE
sr-RS	Premium	sr-RS	sr-RS-Chirp3-HD-Laomedeia	FEMALE
sr-RS	Premium	sr-RS	sr-RS-Chirp3-HD-Leda	FEMALE
sr-RS	Premium	sr-RS	sr-RS-Chirp3-HD-Orus	MALE
sr-RS	Premium	sr-RS	sr-RS-Chirp3-HD-Puck	MALE
sr-RS	Premium	sr-RS	sr-RS-Chirp3-HD-Pulcherrima	FEMALE
sr-RS	Premium	sr-RS	sr-RS-Chirp3-HD-Rasalgethi	MALE
sr-RS	Premium	sr-RS	sr-RS-Chirp3-HD-Sadachbia	MALE
sr-RS	Premium	sr-RS	sr-RS-Chirp3-HD-Sadaltager	MALE
sr-RS	Premium	sr-RS	sr-RS-Chirp3-HD-Schedar	MALE
sr-RS	Premium	sr-RS	sr-RS-Chirp3-HD-Sulafat	FEMALE
sr-RS	Premium	sr-RS	sr-RS-Chirp3-HD-Umbriel	MALE
sr-RS	Premium	sr-RS	sr-RS-Chirp3-HD-Vindemiatrix	FEMALE
sr-RS	Premium	sr-RS	sr-RS-Chirp3-HD-Zephyr	FEMALE
sr-RS	Premium	sr-RS	sr-RS-Chirp3-HD-Zubenelgenubi	MALE
sk-SK	Premium	sk-SK	sk-SK-Chirp3-HD-Achernar	FEMALE
sk-SK	Premium	sk-SK	sk-SK-Chirp3-HD-Achird	MALE
sk-SK	Premium	sk-SK	sk-SK-Chirp3-HD-Algenib	MALE
sk-SK	Premium	sk-SK	sk-SK-Chirp3-HD-Algieba	MALE
sk-SK	Premium	sk-SK	sk-SK-Chirp3-HD-Alnilam	MALE
sk-SK	Premium	sk-SK	sk-SK-Chirp3-HD-Aoede	FEMALE
sk-SK	Premium	sk-SK	sk-SK-Chirp3-HD-Autonoe	FEMALE
sk-SK	Premium	sk-SK	sk-SK-Chirp3-HD-Callirrhoe	FEMALE
sk-SK	Premium	sk-SK	sk-SK-Chirp3-HD-Charon	MALE
sk-SK	Premium	sk-SK	sk-SK-Chirp3-HD-Despina	FEMALE
sk-SK	Premium	sk-SK	sk-SK-Chirp3-HD-Enceladus	MALE
sk-SK	Premium	sk-SK	sk-SK-Chirp3-HD-Erinome	FEMALE
sk-SK	Premium	sk-SK	sk-SK-Chirp3-HD-Fenrir	MALE
sk-SK	Premium	sk-SK	sk-SK-Chirp3-HD-Gacrux	FEMALE
sk-SK	Premium	sk-SK	sk-SK-Chirp3-HD-Iapetus	MALE
sk-SK	Premium	sk-SK	sk-SK-Chirp3-HD-Kore	FEMALE
sk-SK	Premium	sk-SK	sk-SK-Chirp3-HD-Laomedeia	FEMALE
sk-SK	Premium	sk-SK	sk-SK-Chirp3-HD-Leda	FEMALE
sk-SK	Premium	sk-SK	sk-SK-Chirp3-HD-Orus	MALE
sk-SK	Premium	sk-SK	sk-SK-Chirp3-HD-Puck	MALE
sk-SK	Premium	sk-SK	sk-SK-Chirp3-HD-Pulcherrima	FEMALE
sk-SK	Premium	sk-SK	sk-SK-Chirp3-HD-Rasalgethi	MALE
sk-SK	Premium	sk-SK	sk-SK-Chirp3-HD-Sadachbia	MALE
sk-SK	Premium	sk-SK	sk-SK-Chirp3-HD-Sadaltager	MALE
sk-SK	Premium	sk-SK	sk-SK-Chirp3-HD-Schedar	MALE
sk-SK	Premium	sk-SK	sk-SK-Chirp3-HD-Sulafat	FEMALE
sk-SK	Premium	sk-SK	sk-SK-Chirp3-HD-Umbriel	MALE
sk-SK	Premium	sk-SK	sk-SK-Chirp3-HD-Vindemiatrix	FEMALE
sk-SK	Premium	sk-SK	sk-SK-Chirp3-HD-Zephyr	FEMALE
sk-SK	Premium	sk-SK	sk-SK-Chirp3-HD-Zubenelgenubi	MALE
sl-SI	Premium	sl-SI	sl-SI-Chirp3-HD-Achernar	FEMALE
sl-SI	Premium	sl-SI	sl-SI-Chirp3-HD-Achird	MALE
sl-SI	Premium	sl-SI	sl-SI-Chirp3-HD-Algenib	MALE
sl-SI	Premium	sl-SI	sl-SI-Chirp3-HD-Algieba	MALE
sl-SI	Premium	sl-SI	sl-SI-Chirp3-HD-Alnilam	MALE
sl-SI	Premium	sl-SI	sl-SI-Chirp3-HD-Aoede	FEMALE
sl-SI	Premium	sl-SI	sl-SI-Chirp3-HD-Autonoe	FEMALE
sl-SI	Premium	sl-SI	sl-SI-Chirp3-HD-Callirrhoe	FEMALE
sl-SI	Premium	sl-SI	sl-SI-Chirp3-HD-Charon	MALE
sl-SI	Premium	sl-SI	sl-SI-Chirp3-HD-Despina	FEMALE
sl-SI	Premium	sl-SI	sl-SI-Chirp3-HD-Enceladus	MALE
sl-SI	Premium	sl-SI	sl-SI-Chirp3-HD-Erinome	FEMALE
sl-SI	Premium	sl-SI	sl-SI-Chirp3-HD-Fenrir	MALE
sl-SI	Premium	sl-SI	sl-SI-Chirp3-HD-Gacrux	FEMALE
sl-SI	Premium	sl-SI	sl-SI-Chirp3-HD-Iapetus	MALE
sl-SI	Premium	sl-SI	sl-SI-Chirp3-HD-Kore	FEMALE
sl-SI	Premium	sl-SI	sl-SI-Chirp3-HD-Laomedeia	FEMALE
sl-SI	Premium	sl-SI	sl-SI-Chirp3-HD-Leda	FEMALE
sl-SI	Premium	sl-SI	sl-SI-Chirp3-HD-Orus	MALE
sl-SI	Premium	sl-SI	sl-SI-Chirp3-HD-Puck	MALE
sl-SI	Premium	sl-SI	sl-SI-Chirp3-HD-Pulcherrima	FEMALE
sl-SI	Premium	sl-SI	sl-SI-Chirp3-HD-Rasalgethi	MALE
sl-SI	Premium	sl-SI	sl-SI-Chirp3-HD-Sadachbia	MALE
sl-SI	Premium	sl-SI	sl-SI-Chirp3-HD-Sadaltager	MALE
sl-SI	Premium	sl-SI	sl-SI-Chirp3-HD-Schedar	MALE
sl-SI	Premium	sl-SI	sl-SI-Chirp3-HD-Sulafat	FEMALE
sl-SI	Premium	sl-SI	sl-SI-Chirp3-HD-Umbriel	MALE
sl-SI	Premium	sl-SI	sl-SI-Chirp3-HD-Vindemiatrix	FEMALE
sl-SI	Premium	sl-SI	sl-SI-Chirp3-HD-Zephyr	FEMALE
sl-SI	Premium	sl-SI	sl-SI-Chirp3-HD-Zubenelgenubi	MALE
es-ES	Premium	es-ES	es-ES-Chirp3-HD-Achernar	FEMALE
es-ES	Premium	es-ES	es-ES-Chirp3-HD-Achird	MALE
es-ES	Premium	es-ES	es-ES-Chirp3-HD-Algenib	MALE
es-ES	Premium	es-ES	es-ES-Chirp3-HD-Algieba	MALE
es-ES	Premium	es-ES	es-ES-Chirp3-HD-Alnilam	MALE
es-ES	Premium	es-ES	es-ES-Chirp3-HD-Aoede	FEMALE
es-ES	Premium	es-ES	es-ES-Chirp3-HD-Autonoe	FEMALE
es-ES	Premium	es-ES	es-ES-Chirp3-HD-Callirrhoe	FEMALE
es-ES	Premium	es-ES	es-ES-Chirp3-HD-Charon	MALE
es-ES	Premium	es-ES	es-ES-Chirp3-HD-Despina	FEMALE
es-ES	Premium	es-ES	es-ES-Chirp3-HD-Enceladus	MALE
es-ES	Premium	es-ES	es-ES-Chirp3-HD-Erinome	FEMALE
es-ES	Premium	es-ES	es-ES-Chirp3-HD-Fenrir	MALE
es-ES	Premium	es-ES	es-ES-Chirp3-HD-Gacrux	FEMALE
es-ES	Premium	es-ES	es-ES-Chirp3-HD-Iapetus	MALE
es-ES	Premium	es-ES	es-ES-Chirp3-HD-Kore	FEMALE
es-ES	Premium	es-ES	es-ES-Chirp3-HD-Laomedeia	FEMALE
es-ES	Premium	es-ES	es-ES-Chirp3-HD-Leda	FEMALE
es-ES	Premium	es-ES	es-ES-Chirp3-HD-Orus	MALE
es-ES	Premium	es-ES	es-ES-Chirp3-HD-Puck	MALE
es-ES	Premium	es-ES	es-ES-Chirp3-HD-Pulcherrima	FEMALE
es-ES	Premium	es-ES	es-ES-Chirp3-HD-Rasalgethi	MALE
es-ES	Premium	es-ES	es-ES-Chirp3-HD-Sadachbia	MALE
es-ES	Premium	es-ES	es-ES-Chirp3-HD-Sadaltager	MALE
es-ES	Premium	es-ES	es-ES-Chirp3-HD-Schedar	MALE
es-ES	Premium	es-ES	es-ES-Chirp3-HD-Sulafat	FEMALE
es-ES	Premium	es-ES	es-ES-Chirp3-HD-Umbriel	MALE
es-ES	Premium	es-ES	es-ES-Chirp3-HD-Vindemiatrix	FEMALE
es-ES	Premium	es-ES	es-ES-Chirp3-HD-Zephyr	FEMALE
es-ES	Premium	es-ES	es-ES-Chirp3-HD-Zubenelgenubi	MALE
es-US	Premium	es-US	es-US-Chirp3-HD-Achernar	FEMALE
es-US	Premium	es-US	es-US-Chirp3-HD-Achird	MALE
es-US	Premium	es-US	es-US-Chirp3-HD-Algenib	MALE
es-US	Premium	es-US	es-US-Chirp3-HD-Algieba	MALE
es-US	Premium	es-US	es-US-Chirp3-HD-Alnilam	MALE
es-US	Premium	es-US	es-US-Chirp3-HD-Aoede	FEMALE
es-US	Premium	es-US	es-US-Chirp3-HD-Autonoe	FEMALE
es-US	Premium	es-US	es-US-Chirp3-HD-Callirrhoe	FEMALE
es-US	Premium	es-US	es-US-Chirp3-HD-Charon	MALE
es-US	Premium	es-US	es-US-Chirp3-HD-Despina	FEMALE
es-US	Premium	es-US	es-US-Chirp3-HD-Enceladus	MALE
es-US	Premium	es-US	es-US-Chirp3-HD-Erinome	FEMALE
es-US	Premium	es-US	es-US-Chirp3-HD-Fenrir	MALE
es-US	Premium	es-US	es-US-Chirp3-HD-Gacrux	FEMALE
es-US	Premium	es-US	es-US-Chirp3-HD-Iapetus	MALE
es-US	Premium	es-US	es-US-Chirp3-HD-Kore	FEMALE
es-US	Premium	es-US	es-US-Chirp3-HD-Laomedeia	FEMALE
es-US	Premium	es-US	es-US-Chirp3-HD-Leda	FEMALE
es-US	Premium	es-US	es-US-Chirp3-HD-Orus	MALE
es-US	Premium	es-US	es-US-Chirp3-HD-Puck	MALE
es-US	Premium	es-US	es-US-Chirp3-HD-Pulcherrima	FEMALE
es-US	Premium	es-US	es-US-Chirp3-HD-Rasalgethi	MALE
es-US	Premium	es-US	es-US-Chirp3-HD-Sadachbia	MALE
es-US	Premium	es-US	es-US-Chirp3-HD-Sadaltager	MALE
es-US	Premium	es-US	es-US-Chirp3-HD-Schedar	MALE
es-US	Premium	es-US	es-US-Chirp3-HD-Sulafat	FEMALE
es-US	Premium	es-US	es-US-Chirp3-HD-Umbriel	MALE
es-US	Premium	es-US	es-US-Chirp3-HD-Vindemiatrix	FEMALE
es-US	Premium	es-US	es-US-Chirp3-HD-Zephyr	FEMALE
es-US	Premium	es-US	es-US-Chirp3-HD-Zubenelgenubi	MALE
sv-SE	Premium	sv-SE	sv-SE-Chirp3-HD-Achernar	FEMALE
sv-SE	Premium	sv-SE	sv-SE-Chirp3-HD-Achird	MALE
sv-SE	Premium	sv-SE	sv-SE-Chirp3-HD-Algenib	MALE
sv-SE	Premium	sv-SE	sv-SE-Chirp3-HD-Algieba	MALE
sv-SE	Premium	sv-SE	sv-SE-Chirp3-HD-Alnilam	MALE
sv-SE	Premium	sv-SE	sv-SE-Chirp3-HD-Aoede	FEMALE
sv-SE	Premium	sv-SE	sv-SE-Chirp3-HD-Autonoe	FEMALE
sv-SE	Premium	sv-SE	sv-SE-Chirp3-HD-Callirrhoe	FEMALE
sv-SE	Premium	sv-SE	sv-SE-Chirp3-HD-Charon	MALE
sv-SE	Premium	sv-SE	sv-SE-Chirp3-HD-Despina	FEMALE
sv-SE	Premium	sv-SE	sv-SE-Chirp3-HD-Enceladus	MALE
sv-SE	Premium	sv-SE	sv-SE-Chirp3-HD-Erinome	FEMALE
sv-SE	Premium	sv-SE	sv-SE-Chirp3-HD-Fenrir	MALE
sv-SE	Premium	sv-SE	sv-SE-Chirp3-HD-Gacrux	FEMALE
sv-SE	Premium	sv-SE	sv-SE-Chirp3-HD-Iapetus	MALE
sv-SE	Premium	sv-SE	sv-SE-Chirp3-HD-Kore	FEMALE
sv-SE	Premium	sv-SE	sv-SE-Chirp3-HD-Laomedeia	FEMALE
sv-SE	Premium	sv-SE	sv-SE-Chirp3-HD-Leda	FEMALE
sv-SE	Premium	sv-SE	sv-SE-Chirp3-HD-Orus	MALE
sv-SE	Premium	sv-SE	sv-SE-Chirp3-HD-Puck	MALE
sv-SE	Premium	sv-SE	sv-SE-Chirp3-HD-Pulcherrima	FEMALE
sv-SE	Premium	sv-SE	sv-SE-Chirp3-HD-Rasalgethi	MALE
sv-SE	Premium	sv-SE	sv-SE-Chirp3-HD-Sadachbia	MALE
sv-SE	Premium	sv-SE	sv-SE-Chirp3-HD-Sadaltager	MALE
sv-SE	Premium	sv-SE	sv-SE-Chirp3-HD-Schedar	MALE
sv-SE	Premium	sv-SE	sv-SE-Chirp3-HD-Sulafat	FEMALE
sv-SE	Premium	sv-SE	sv-SE-Chirp3-HD-Umbriel	MALE
sv-SE	Premium	sv-SE	sv-SE-Chirp3-HD-Vindemiatrix	FEMALE
sv-SE	Premium	sv-SE	sv-SE-Chirp3-HD-Zephyr	FEMALE
sv-SE	Premium	sv-SE	sv-SE-Chirp3-HD-Zubenelgenubi	MALE
ta-IN	Premium	ta-IN	ta-IN-Chirp3-HD-Achernar	FEMALE
ta-IN	Premium	ta-IN	ta-IN-Chirp3-HD-Achird	MALE
ta-IN	Premium	ta-IN	ta-IN-Chirp3-HD-Algenib	MALE
ta-IN	Premium	ta-IN	ta-IN-Chirp3-HD-Algieba	MALE
ta-IN	Premium	ta-IN	ta-IN-Chirp3-HD-Alnilam	MALE
ta-IN	Premium	ta-IN	ta-IN-Chirp3-HD-Aoede	FEMALE
ta-IN	Premium	ta-IN	ta-IN-Chirp3-HD-Autonoe	FEMALE
ta-IN	Premium	ta-IN	ta-IN-Chirp3-HD-Callirrhoe	FEMALE
ta-IN	Premium	ta-IN	ta-IN-Chirp3-HD-Charon	MALE
ta-IN	Premium	ta-IN	ta-IN-Chirp3-HD-Despina	FEMALE
ta-IN	Premium	ta-IN	ta-IN-Chirp3-HD-Enceladus	MALE
ta-IN	Premium	ta-IN	ta-IN-Chirp3-HD-Erinome	FEMALE
ta-IN	Premium	ta-IN	ta-IN-Chirp3-HD-Fenrir	MALE
ta-IN	Premium	ta-IN	ta-IN-Chirp3-HD-Gacrux	FEMALE
ta-IN	Premium	ta-IN	ta-IN-Chirp3-HD-Iapetus	MALE
ta-IN	Premium	ta-IN	ta-IN-Chirp3-HD-Kore	FEMALE
ta-IN	Premium	ta-IN	ta-IN-Chirp3-HD-Laomedeia	FEMALE
ta-IN	Premium	ta-IN	ta-IN-Chirp3-HD-Leda	FEMALE
ta-IN	Premium	ta-IN	ta-IN-Chirp3-HD-Orus	MALE
ta-IN	Premium	ta-IN	ta-IN-Chirp3-HD-Puck	MALE
ta-IN	Premium	ta-IN	ta-IN-Chirp3-HD-Pulcherrima	FEMALE
ta-IN	Premium	ta-IN	ta-IN-Chirp3-HD-Rasalgethi	MALE
ta-IN	Premium	ta-IN	ta-IN-Chirp3-HD-Sadachbia	MALE
ta-IN	Premium	ta-IN	ta-IN-Chirp3-HD-Sadaltager	MALE
ta-IN	Premium	ta-IN	ta-IN-Chirp3-HD-Schedar	MALE
ta-IN	Premium	ta-IN	ta-IN-Chirp3-HD-Sulafat	FEMALE
ta-IN	Premium	ta-IN	ta-IN-Chirp3-HD-Umbriel	MALE
ta-IN	Premium	ta-IN	ta-IN-Chirp3-HD-Vindemiatrix	FEMALE
ta-IN	Premium	ta-IN	ta-IN-Chirp3-HD-Zephyr	FEMALE
ta-IN	Premium	ta-IN	ta-IN-Chirp3-HD-Zubenelgenubi	MALE
te-IN	Premium	te-IN	te-IN-Chirp3-HD-Achernar	FEMALE
te-IN	Premium	te-IN	te-IN-Chirp3-HD-Achird	MALE
te-IN	Premium	te-IN	te-IN-Chirp3-HD-Algenib	MALE
te-IN	Premium	te-IN	te-IN-Chirp3-HD-Algieba	MALE
te-IN	Premium	te-IN	te-IN-Chirp3-HD-Alnilam	MALE
te-IN	Premium	te-IN	te-IN-Chirp3-HD-Aoede	FEMALE
te-IN	Premium	te-IN	te-IN-Chirp3-HD-Autonoe	FEMALE
te-IN	Premium	te-IN	te-IN-Chirp3-HD-Callirrhoe	FEMALE
te-IN	Premium	te-IN	te-IN-Chirp3-HD-Charon	MALE
te-IN	Premium	te-IN	te-IN-Chirp3-HD-Despina	FEMALE
te-IN	Premium	te-IN	te-IN-Chirp3-HD-Enceladus	MALE
te-IN	Premium	te-IN	te-IN-Chirp3-HD-Erinome	FEMALE
te-IN	Premium	te-IN	te-IN-Chirp3-HD-Fenrir	MALE
te-IN	Premium	te-IN	te-IN-Chirp3-HD-Gacrux	FEMALE
te-IN	Premium	te-IN	te-IN-Chirp3-HD-Iapetus	MALE
te-IN	Premium	te-IN	te-IN-Chirp3-HD-Kore	FEMALE
te-IN	Premium	te-IN	te-IN-Chirp3-HD-Laomedeia	FEMALE
te-IN	Premium	te-IN	te-IN-Chirp3-HD-Leda	FEMALE
te-IN	Premium	te-IN	te-IN-Chirp3-HD-Orus	MALE
te-IN	Premium	te-IN	te-IN-Chirp3-HD-Puck	MALE
te-IN	Premium	te-IN	te-IN-Chirp3-HD-Pulcherrima	FEMALE
te-IN	Premium	te-IN	te-IN-Chirp3-HD-Rasalgethi	MALE
te-IN	Premium	te-IN	te-IN-Chirp3-HD-Sadachbia	MALE
te-IN	Premium	te-IN	te-IN-Chirp3-HD-Sadaltager	MALE
te-IN	Premium	te-IN	te-IN-Chirp3-HD-Schedar	MALE
te-IN	Premium	te-IN	te-IN-Chirp3-HD-Sulafat	FEMALE
te-IN	Premium	te-IN	te-IN-Chirp3-HD-Umbriel	MALE
te-IN	Premium	te-IN	te-IN-Chirp3-HD-Vindemiatrix	FEMALE
te-IN	Premium	te-IN	te-IN-Chirp3-HD-Zephyr	FEMALE
te-IN	Premium	te-IN	te-IN-Chirp3-HD-Zubenelgenubi	MALE
th-TH	Premium	th-TH	th-TH-Chirp3-HD-Achernar	FEMALE
th-TH	Premium	th-TH	th-TH-Chirp3-HD-Achird	MALE
th-TH	Premium	th-TH	th-TH-Chirp3-HD-Algenib	MALE
th-TH	Premium	th-TH	th-TH-Chirp3-HD-Algieba	MALE
th-TH	Premium	th-TH	th-TH-Chirp3-HD-Alnilam	MALE
th-TH	Premium	th-TH	th-TH-Chirp3-HD-Aoede	FEMALE
th-TH	Premium	th-TH	th-TH-Chirp3-HD-Autonoe	FEMALE
th-TH	Premium	th-TH	th-TH-Chirp3-HD-Callirrhoe	FEMALE
th-TH	Premium	th-TH	th-TH-Chirp3-HD-Charon	MALE
th-TH	Premium	th-TH	th-TH-Chirp3-HD-Despina	FEMALE
th-TH	Premium	th-TH	th-TH-Chirp3-HD-Enceladus	MALE
th-TH	Premium	th-TH	th-TH-Chirp3-HD-Erinome	FEMALE
th-TH	Premium	th-TH	th-TH-Chirp3-HD-Fenrir	MALE
th-TH	Premium	th-TH	th-TH-Chirp3-HD-Gacrux	FEMALE
th-TH	Premium	th-TH	th-TH-Chirp3-HD-Iapetus	MALE
th-TH	Premium	th-TH	th-TH-Chirp3-HD-Kore	FEMALE
th-TH	Premium	th-TH	th-TH-Chirp3-HD-Laomedeia	FEMALE
th-TH	Premium	th-TH	th-TH-Chirp3-HD-Leda	FEMALE
th-TH	Premium	th-TH	th-TH-Chirp3-HD-Orus	MALE
th-TH	Premium	th-TH	th-TH-Chirp3-HD-Puck	MALE
th-TH	Premium	th-TH	th-TH-Chirp3-HD-Pulcherrima	FEMALE
th-TH	Premium	th-TH	th-TH-Chirp3-HD-Rasalgethi	MALE
th-TH	Premium	th-TH	th-TH-Chirp3-HD-Sadachbia	MALE
th-TH	Premium	th-TH	th-TH-Chirp3-HD-Sadaltager	MALE
th-TH	Premium	th-TH	th-TH-Chirp3-HD-Schedar	MALE
th-TH	Premium	th-TH	th-TH-Chirp3-HD-Sulafat	FEMALE
th-TH	Premium	th-TH	th-TH-Chirp3-HD-Umbriel	MALE
th-TH	Premium	th-TH	th-TH-Chirp3-HD-Vindemiatrix	FEMALE
th-TH	Premium	th-TH	th-TH-Chirp3-HD-Zephyr	FEMALE
th-TH	Premium	th-TH	th-TH-Chirp3-HD-Zubenelgenubi	MALE
tr-TR	Premium	tr-TR	tr-TR-Chirp3-HD-Achernar	FEMALE
tr-TR	Premium	tr-TR	tr-TR-Chirp3-HD-Achird	MALE
tr-TR	Premium	tr-TR	tr-TR-Chirp3-HD-Algenib	MALE
tr-TR	Premium	tr-TR	tr-TR-Chirp3-HD-Algieba	MALE
tr-TR	Premium	tr-TR	tr-TR-Chirp3-HD-Alnilam	MALE
tr-TR	Premium	tr-TR	tr-TR-Chirp3-HD-Aoede	FEMALE
tr-TR	Premium	tr-TR	tr-TR-Chirp3-HD-Autonoe	FEMALE
tr-TR	Premium	tr-TR	tr-TR-Chirp3-HD-Callirrhoe	FEMALE
tr-TR	Premium	tr-TR	tr-TR-Chirp3-HD-Charon	MALE
tr-TR	Premium	tr-TR	tr-TR-Chirp3-HD-Despina	FEMALE
tr-TR	Premium	tr-TR	tr-TR-Chirp3-HD-Enceladus	MALE
tr-TR	Premium	tr-TR	tr-TR-Chirp3-HD-Erinome	FEMALE
tr-TR	Premium	tr-TR	tr-TR-Chirp3-HD-Fenrir	MALE
tr-TR	Premium	tr-TR	tr-TR-Chirp3-HD-Gacrux	FEMALE
tr-TR	Premium	tr-TR	tr-TR-Chirp3-HD-Iapetus	MALE
tr-TR	Premium	tr-TR	tr-TR-Chirp3-HD-Kore	FEMALE
tr-TR	Premium	tr-TR	tr-TR-Chirp3-HD-Laomedeia	FEMALE
tr-TR	Premium	tr-TR	tr-TR-Chirp3-HD-Leda	FEMALE
tr-TR	Premium	tr-TR	tr-TR-Chirp3-HD-Orus	MALE
tr-TR	Premium	tr-TR	tr-TR-Chirp3-HD-Puck	MALE
tr-TR	Premium	tr-TR	tr-TR-Chirp3-HD-Pulcherrima	FEMALE
tr-TR	Premium	tr-TR	tr-TR-Chirp3-HD-Rasalgethi	MALE
tr-TR	Premium	tr-TR	tr-TR-Chirp3-HD-Sadachbia	MALE
tr-TR	Premium	tr-TR	tr-TR-Chirp3-HD-Sadaltager	MALE
tr-TR	Premium	tr-TR	tr-TR-Chirp3-HD-Schedar	MALE
tr-TR	Premium	tr-TR	tr-TR-Chirp3-HD-Sulafat	FEMALE
tr-TR	Premium	tr-TR	tr-TR-Chirp3-HD-Umbriel	MALE
tr-TR	Premium	tr-TR	tr-TR-Chirp3-HD-Vindemiatrix	FEMALE
tr-TR	Premium	tr-TR	tr-TR-Chirp3-HD-Zephyr	FEMALE
tr-TR	Premium	tr-TR	tr-TR-Chirp3-HD-Zubenelgenubi	MALE
uk-UA	Premium	uk-UA	uk-UA-Chirp3-HD-Achernar	FEMALE
uk-UA	Premium	uk-UA	uk-UA-Chirp3-HD-Achird	MALE
uk-UA	Premium	uk-UA	uk-UA-Chirp3-HD-Algenib	MALE
uk-UA	Premium	uk-UA	uk-UA-Chirp3-HD-Algieba	MALE
uk-UA	Premium	uk-UA	uk-UA-Chirp3-HD-Alnilam	MALE
uk-UA	Premium	uk-UA	uk-UA-Chirp3-HD-Aoede	FEMALE
uk-UA	Premium	uk-UA	uk-UA-Chirp3-HD-Autonoe	FEMALE
uk-UA	Premium	uk-UA	uk-UA-Chirp3-HD-Callirrhoe	FEMALE
uk-UA	Premium	uk-UA	uk-UA-Chirp3-HD-Charon	MALE
uk-UA	Premium	uk-UA	uk-UA-Chirp3-HD-Despina	FEMALE
uk-UA	Premium	uk-UA	uk-UA-Chirp3-HD-Enceladus	MALE
uk-UA	Premium	uk-UA	uk-UA-Chirp3-HD-Erinome	FEMALE
uk-UA	Premium	uk-UA	uk-UA-Chirp3-HD-Fenrir	MALE
uk-UA	Premium	uk-UA	uk-UA-Chirp3-HD-Gacrux	FEMALE
uk-UA	Premium	uk-UA	uk-UA-Chirp3-HD-Iapetus	MALE
uk-UA	Premium	uk-UA	uk-UA-Chirp3-HD-Kore	FEMALE
uk-UA	Premium	uk-UA	uk-UA-Chirp3-HD-Laomedeia	FEMALE
uk-UA	Premium	uk-UA	uk-UA-Chirp3-HD-Leda	FEMALE
uk-UA	Premium	uk-UA	uk-UA-Chirp3-HD-Orus	MALE
uk-UA	Premium	uk-UA	uk-UA-Chirp3-HD-Puck	MALE
uk-UA	Premium	uk-UA	uk-UA-Chirp3-HD-Pulcherrima	FEMALE
uk-UA	Premium	uk-UA	uk-UA-Chirp3-HD-Rasalgethi	MALE
uk-UA	Premium	uk-UA	uk-UA-Chirp3-HD-Sadachbia	MALE
uk-UA	Premium	uk-UA	uk-UA-Chirp3-HD-Sadaltager	MALE
uk-UA	Premium	uk-UA	uk-UA-Chirp3-HD-Schedar	MALE
uk-UA	Premium	uk-UA	uk-UA-Chirp3-HD-Sulafat	FEMALE
uk-UA	Premium	uk-UA	uk-UA-Chirp3-HD-Umbriel	MALE
uk-UA	Premium	uk-UA	uk-UA-Chirp3-HD-Vindemiatrix	FEMALE
uk-UA	Premium	uk-UA	uk-UA-Chirp3-HD-Zephyr	FEMALE
uk-UA	Premium	uk-UA	uk-UA-Chirp3-HD-Zubenelgenubi	MALE
ur-IN	Premium	ur-IN	ur-IN-Chirp3-HD-Achernar	FEMALE
ur-IN	Premium	ur-IN	ur-IN-Chirp3-HD-Achird	MALE
ur-IN	Premium	ur-IN	ur-IN-Chirp3-HD-Algenib	MALE
ur-IN	Premium	ur-IN	ur-IN-Chirp3-HD-Algieba	MALE
ur-IN	Premium	ur-IN	ur-IN-Chirp3-HD-Alnilam	MALE
ur-IN	Premium	ur-IN	ur-IN-Chirp3-HD-Aoede	FEMALE
ur-IN	Premium	ur-IN	ur-IN-Chirp3-HD-Autonoe	FEMALE
ur-IN	Premium	ur-IN	ur-IN-Chirp3-HD-Callirrhoe	FEMALE
ur-IN	Premium	ur-IN	ur-IN-Chirp3-HD-Charon	MALE
ur-IN	Premium	ur-IN	ur-IN-Chirp3-HD-Despina	FEMALE
ur-IN	Premium	ur-IN	ur-IN-Chirp3-HD-Enceladus	MALE
ur-IN	Premium	ur-IN	ur-IN-Chirp3-HD-Erinome	FEMALE
ur-IN	Premium	ur-IN	ur-IN-Chirp3-HD-Fenrir	MALE
ur-IN	Premium	ur-IN	ur-IN-Chirp3-HD-Gacrux	FEMALE
ur-IN	Premium	ur-IN	ur-IN-Chirp3-HD-Iapetus	MALE
ur-IN	Premium	ur-IN	ur-IN-Chirp3-HD-Kore	FEMALE
ur-IN	Premium	ur-IN	ur-IN-Chirp3-HD-Laomedeia	FEMALE
ur-IN	Premium	ur-IN	ur-IN-Chirp3-HD-Leda	FEMALE
ur-IN	Premium	ur-IN	ur-IN-Chirp3-HD-Orus	MALE
ur-IN	Premium	ur-IN	ur-IN-Chirp3-HD-Puck	MALE
ur-IN	Premium	ur-IN	ur-IN-Chirp3-HD-Pulcherrima	FEMALE
ur-IN	Premium	ur-IN	ur-IN-Chirp3-HD-Rasalgethi	MALE
ur-IN	Premium	ur-IN	ur-IN-Chirp3-HD-Sadachbia	MALE
ur-IN	Premium	ur-IN	ur-IN-Chirp3-HD-Sadaltager	MALE
ur-IN	Premium	ur-IN	ur-IN-Chirp3-HD-Schedar	MALE
ur-IN	Premium	ur-IN	ur-IN-Chirp3-HD-Sulafat	FEMALE
ur-IN	Premium	ur-IN	ur-IN-Chirp3-HD-Umbriel	MALE
ur-IN	Premium	ur-IN	ur-IN-Chirp3-HD-Vindemiatrix	FEMALE
ur-IN	Premium	ur-IN	ur-IN-Chirp3-HD-Zephyr	FEMALE
ur-IN	Premium	ur-IN	ur-IN-Chirp3-HD-Zubenelgenubi	MALE
vi-VN	Premium	vi-VN	vi-VN-Chirp3-HD-Achernar	FEMALE
vi-VN	Premium	vi-VN	vi-VN-Chirp3-HD-Achird	MALE
vi-VN	Premium	vi-VN	vi-VN-Chirp3-HD-Algenib	MALE
vi-VN	Premium	vi-VN	vi-VN-Chirp3-HD-Algieba	MALE
vi-VN	Premium	vi-VN	vi-VN-Chirp3-HD-Alnilam	MALE
vi-VN	Premium	vi-VN	vi-VN-Chirp3-HD-Aoede	FEMALE
vi-VN	Premium	vi-VN	vi-VN-Chirp3-HD-Autonoe	FEMALE
vi-VN	Premium	vi-VN	vi-VN-Chirp3-HD-Callirrhoe	FEMALE
vi-VN	Premium	vi-VN	vi-VN-Chirp3-HD-Charon	MALE
vi-VN	Premium	vi-VN	vi-VN-Chirp3-HD-Despina	FEMALE
vi-VN	Premium	vi-VN	vi-VN-Chirp3-HD-Enceladus	MALE
vi-VN	Premium	vi-VN	vi-VN-Chirp3-HD-Erinome	FEMALE
vi-VN	Premium	vi-VN	vi-VN-Chirp3-HD-Fenrir	MALE
vi-VN	Premium	vi-VN	vi-VN-Chirp3-HD-Gacrux	FEMALE
vi-VN	Premium	vi-VN	vi-VN-Chirp3-HD-Iapetus	MALE
vi-VN	Premium	vi-VN	vi-VN-Chirp3-HD-Kore	FEMALE
vi-VN	Premium	vi-VN	vi-VN-Chirp3-HD-Laomedeia	FEMALE
vi-VN	Premium	vi-VN	vi-VN-Chirp3-HD-Leda	FEMALE
vi-VN	Premium	vi-VN	vi-VN-Chirp3-HD-Orus	MALE
vi-VN	Premium	vi-VN	vi-VN-Chirp3-HD-Puck	MALE
vi-VN	Premium	vi-VN	vi-VN-Chirp3-HD-Pulcherrima	FEMALE
vi-VN	Premium	vi-VN	vi-VN-Chirp3-HD-Rasalgethi	MALE
vi-VN	Premium	vi-VN	vi-VN-Chirp3-HD-Sadachbia	MALE
vi-VN	Premium	vi-VN	vi-VN-Chirp3-HD-Sadaltager	MALE
vi-VN	Premium	vi-VN	vi-VN-Chirp3-HD-Schedar	MALE
vi-VN	Premium	vi-VN	vi-VN-Chirp3-HD-Sulafat	FEMALE
vi-VN	Premium	vi-VN	vi-VN-Chirp3-HD-Umbriel	MALE
vi-VN	Premium	vi-VN	vi-VN-Chirp3-HD-Vindemiatrix	FEMALE
vi-VN	Premium	vi-VN	vi-VN-Chirp3-HD-Zephyr	FEMALE
vi-VN	Premium	vi-VN	vi-VN-Chirp3-HD-Zubenelgenubi	MALE
ru-RU	Premium	ru-RU	ru-RU-Chirp3-HD-Aoede	FEMALE
ru-RU	Premium	ru-RU	ru-RU-Chirp3-HD-Charon	MALE
ru-RU	Premium	ru-RU	ru-RU-Chirp3-HD-Fenrir	MALE
ru-RU	Premium	ru-RU	ru-RU-Chirp3-HD-Kore	FEMALE
ru-RU	Premium	ru-RU	ru-RU-Chirp3-HD-Leda	FEMALE
ru-RU	Premium	ru-RU	ru-RU-Chirp3-HD-Orus	MALE
ru-RU	Premium	ru-RU	ru-RU-Chirp3-HD-Puck	MALE
ru-RU	Premium	ru-RU	ru-RU-Chirp3-HD-Zephyr	FEMALE
af-ZA	Premium	af-ZA	af-ZA-Standard-A	FEMALE
ar-XA	Premium	ar-XA	ar-XA-Standard-A	FEMALE
ar-XA	Premium	ar-XA	ar-XA-Standard-B	MALE
ar-XA	Premium	ar-XA	ar-XA-Standard-C	MALE
ar-XA	Premium	ar-XA	ar-XA-Standard-D	FEMALE
ar-XA	Premium	ar-XA	ar-XA-Wavenet-A	FEMALE
ar-XA	Premium	ar-XA	ar-XA-Wavenet-B	MALE
ar-XA	Premium	ar-XA	ar-XA-Wavenet-C	MALE
ar-XA	Premium	ar-XA	ar-XA-Wavenet-D	FEMALE
bn-IN	Premium	bn-IN	bn-IN-Standard-A	FEMALE
bn-IN	Premium	bn-IN	bn-IN-Standard-B	MALE
bn-IN	Premium	bn-IN	bn-IN-Standard-C	FEMALE
bn-IN	Premium	bn-IN	bn-IN-Standard-D	MALE
bn-IN	Premium	bn-IN	bn-IN-Wavenet-A	FEMALE
bn-IN	Premium	bn-IN	bn-IN-Wavenet-B	MALE
bn-IN	Premium	bn-IN	bn-IN-Wavenet-C	FEMALE
bn-IN	Premium	bn-IN	bn-IN-Wavenet-D	MALE
bg-BG	Premium	bg-BG	bg-BG-Standard-B	FEMALE
ca-ES	Premium	ca-ES	ca-ES-Standard-B	FEMALE
yue-HK	Premium	yue-HK	yue-HK-Standard-A	FEMALE
yue-HK	Premium	yue-HK	yue-HK-Standard-B	MALE
yue-HK	Premium	yue-HK	yue-HK-Standard-C	FEMALE
yue-HK	Premium	yue-HK	yue-HK-Standard-D	MALE
cs-CZ	Premium	cs-CZ	cs-CZ-Standard-B	FEMALE
cs-CZ	Premium	cs-CZ	cs-CZ-Wavenet-B	FEMALE
da-DK	Premium	da-DK	da-DK-Neural2-F	FEMALE
da-DK	Premium	da-DK	da-DK-Standard-F	FEMALE
da-DK	Premium	da-DK	da-DK-Standard-G	MALE
da-DK	Premium	da-DK	da-DK-Wavenet-F	FEMALE
da-DK	Premium	da-DK	da-DK-Wavenet-G	MALE
nl-BE	Premium	nl-BE	nl-BE-Standard-C	FEMALE
nl-BE	Premium	nl-BE	nl-BE-Standard-D	MALE
nl-BE	Premium	nl-BE	nl-BE-Wavenet-C	FEMALE
nl-BE	Premium	nl-BE	nl-BE-Wavenet-D	MALE
nl-NL	Premium	nl-NL	nl-NL-Standard-F	FEMALE
nl-NL	Premium	nl-NL	nl-NL-Standard-G	MALE
nl-NL	Premium	nl-NL	nl-NL-Wavenet-F	FEMALE
nl-NL	Premium	nl-NL	nl-NL-Wavenet-G	MALE
en-AU	Premium	en-AU	en-AU-Chirp-HD-D	MALE
en-AU	Premium	en-AU	en-AU-Chirp-HD-F	FEMALE
en-AU	Premium	en-AU	en-AU-Chirp-HD-O	FEMALE
en-AU	Premium	en-AU	en-AU-Neural2-A	FEMALE
en-AU	Premium	en-AU	en-AU-Neural2-B	MALE
en-AU	Premium	en-AU	en-AU-Neural2-C	FEMALE
en-AU	Premium	en-AU	en-AU-Neural2-D	MALE
en-AU	Premium	en-AU	en-AU-News-E	FEMALE
en-AU	Premium	en-AU	en-AU-News-F	FEMALE
en-AU	Premium	en-AU	en-AU-News-G	MALE
en-AU	Premium	en-AU	en-AU-Polyglot-1	MALE
en-AU	Premium	en-AU	en-AU-Standard-A	FEMALE
en-AU	Premium	en-AU	en-AU-Standard-B	MALE
en-AU	Premium	en-AU	en-AU-Standard-C	FEMALE
en-AU	Premium	en-AU	en-AU-Standard-D	MALE
en-AU	Premium	en-AU	en-AU-Wavenet-A	FEMALE
en-AU	Premium	en-AU	en-AU-Wavenet-B	MALE
en-AU	Premium	en-AU	en-AU-Wavenet-C	FEMALE
en-AU	Premium	en-AU	en-AU-Wavenet-D	MALE
en-IN	Premium	en-IN	en-IN-Chirp-HD-D	MALE
en-IN	Premium	en-IN	en-IN-Chirp-HD-F	FEMALE
en-IN	Premium	en-IN	en-IN-Chirp-HD-O	FEMALE
en-IN	Premium	en-IN	en-IN-Neural2-A	FEMALE
en-IN	Premium	en-IN	en-IN-Neural2-B	MALE
en-IN	Premium	en-IN	en-IN-Neural2-C	MALE
en-IN	Premium	en-IN	en-IN-Neural2-D	FEMALE
en-IN	Premium	en-IN	en-IN-Standard-A	FEMALE
en-IN	Premium	en-IN	en-IN-Standard-B	MALE
en-IN	Premium	en-IN	en-IN-Standard-C	MALE
en-IN	Premium	en-IN	en-IN-Standard-D	FEMALE
en-IN	Premium	en-IN	en-IN-Standard-E	FEMALE
en-IN	Premium	en-IN	en-IN-Standard-F	MALE
en-IN	Premium	en-IN	en-IN-Wavenet-A	FEMALE
en-IN	Premium	en-IN	en-IN-Wavenet-B	MALE
en-IN	Premium	en-IN	en-IN-Wavenet-C	MALE
en-IN	Premium	en-IN	en-IN-Wavenet-D	FEMALE
en-IN	Premium	en-IN	en-IN-Wavenet-E	FEMALE
en-IN	Premium	en-IN	en-IN-Wavenet-F	MALE
en-GB	Premium	en-GB	en-GB-Chirp-HD-D	MALE
en-GB	Premium	en-GB	en-GB-Chirp-HD-F	FEMALE
en-GB	Premium	en-GB	en-GB-Chirp-HD-O	FEMALE
en-GB	Premium	en-GB	en-GB-Neural2-A	FEMALE
en-GB	Premium	en-GB	en-GB-Neural2-B	MALE
en-GB	Premium	en-GB	en-GB-Neural2-C	FEMALE
en-GB	Premium	en-GB	en-GB-Neural2-D	MALE
en-GB	Premium	en-GB	en-GB-Neural2-F	FEMALE
en-GB	Premium	en-GB	en-GB-Neural2-N	FEMALE
en-GB	Premium	en-GB	en-GB-Neural2-O	MALE
en-GB	Premium	en-GB	en-GB-News-G	FEMALE
en-GB	Premium	en-GB	en-GB-News-H	FEMALE
en-GB	Premium	en-GB	en-GB-News-I	FEMALE
en-GB	Premium	en-GB	en-GB-News-J	MALE
en-GB	Premium	en-GB	en-GB-News-K	MALE
en-GB	Premium	en-GB	en-GB-News-L	MALE
en-GB	Premium	en-GB	en-GB-News-M	MALE
en-GB	Premium	en-GB	en-GB-Standard-A	FEMALE
en-GB	Premium	en-GB	en-GB-Standard-B	MALE
en-GB	Premium	en-GB	en-GB-Standard-C	FEMALE
en-GB	Premium	en-GB	en-GB-Standard-D	MALE
en-GB	Premium	en-GB	en-GB-Standard-F	FEMALE
en-GB	Premium	en-GB	en-GB-Standard-N	FEMALE
en-GB	Premium	en-GB	en-GB-Standard-O	MALE
en-GB	Premium	en-GB	en-GB-Studio-B	MALE
en-GB	Premium	en-GB	en-GB-Studio-C	FEMALE
en-GB	Premium	en-GB	en-GB-Wavenet-A	FEMALE
en-GB	Premium	en-GB	en-GB-Wavenet-B	MALE
en-GB	Premium	en-GB	en-GB-Wavenet-C	FEMALE
en-GB	Premium	en-GB	en-GB-Wavenet-D	MALE
en-GB	Premium	en-GB	en-GB-Wavenet-F	FEMALE
en-GB	Premium	en-GB	en-GB-Wavenet-N	FEMALE
en-GB	Premium	en-GB	en-GB-Wavenet-O	MALE
en-US	Premium	en-US	Achernar	FEMALE
en-US	Premium	en-US	Achird	MALE
en-US	Premium	en-US	Algenib	MALE
en-US	Premium	en-US	Algieba	MALE
en-US	Premium	en-US	Alnilam	MALE
en-US	Premium	en-US	Aoede	FEMALE
en-US	Premium	en-US	Autonoe	FEMALE
en-US	Premium	en-US	Callirrhoe	FEMALE
en-US	Premium	en-US	Charon	MALE
en-US	Premium	en-US	Despina	FEMALE
en-US	Premium	en-US	Enceladus	MALE
en-US	Premium	en-US	Erinome	FEMALE
en-US	Premium	en-US	Fenrir	MALE
en-US	Premium	en-US	Gacrux	FEMALE
en-US	Premium	en-US	Iapetus	MALE
en-US	Premium	en-US	Kore	FEMALE
en-US	Premium	en-US	Laomedeia	FEMALE
en-US	Premium	en-US	Leda	FEMALE
en-US	Premium	en-US	Orus	MALE
en-US	Premium	en-US	Puck	MALE
en-US	Premium	en-US	Pulcherrima	FEMALE
en-US	Premium	en-US	Rasalgethi	MALE
en-US	Premium	en-US	Sadachbia	MALE
en-US	Premium	en-US	Sadaltager	MALE
en-US	Premium	en-US	Schedar	MALE
en-US	Premium	en-US	Sulafat	FEMALE
en-US	Premium	en-US	Umbriel	MALE
en-US	Premium	en-US	Vindemiatrix	FEMALE
en-US	Premium	en-US	Zephyr	FEMALE
en-US	Premium	en-US	Zubenelgenubi	MALE
en-US	Premium	en-US	en-US-Casual-K	MALE
en-US	Premium	en-US	en-US-Chirp-HD-D	MALE
en-US	Premium	en-US	en-US-Chirp-HD-F	FEMALE
en-US	Premium	en-US	en-US-Chirp-HD-O	FEMALE
en-US	Premium	en-US	en-US-Neural2-A	MALE
en-US	Premium	en-US	en-US-Neural2-C	FEMALE
en-US	Premium	en-US	en-US-Neural2-D	MALE
en-US	Premium	en-US	en-US-Neural2-E	FEMALE
en-US	Premium	en-US	en-US-Neural2-F	FEMALE
en-US	Premium	en-US	en-US-Neural2-G	FEMALE
en-US	Premium	en-US	en-US-Neural2-H	FEMALE
en-US	Premium	en-US	en-US-Neural2-I	MALE
en-US	Premium	en-US	en-US-Neural2-J	MALE
en-US	Premium	en-US	en-US-News-K	FEMALE
en-US	Premium	en-US	en-US-News-L	FEMALE
en-US	Premium	en-US	en-US-News-N	MALE
en-US	Premium	en-US	en-US-Polyglot-1	MALE
en-US	Premium	en-US	en-US-Standard-A	MALE
en-US	Premium	en-US	en-US-Standard-B	MALE
en-US	Premium	en-US	en-US-Standard-C	FEMALE
en-US	Premium	en-US	en-US-Standard-D	MALE
en-US	Premium	en-US	en-US-Standard-E	FEMALE
en-US	Premium	en-US	en-US-Standard-F	FEMALE
en-US	Premium	en-US	en-US-Standard-G	FEMALE
en-US	Premium	en-US	en-US-Standard-H	FEMALE
en-US	Premium	en-US	en-US-Standard-I	MALE
en-US	Premium	en-US	en-US-Standard-J	MALE
en-US	Premium	en-US	en-US-Studio-O	FEMALE
en-US	Premium	en-US	en-US-Studio-Q	MALE
en-US	Premium	en-US	en-US-Wavenet-A	MALE
en-US	Premium	en-US	en-US-Wavenet-B	MALE
en-US	Premium	en-US	en-US-Wavenet-C	FEMALE
en-US	Premium	en-US	en-US-Wavenet-D	MALE
en-US	Premium	en-US	en-US-Wavenet-E	FEMALE
en-US	Premium	en-US	en-US-Wavenet-F	FEMALE
en-US	Premium	en-US	en-US-Wavenet-G	FEMALE
en-US	Premium	en-US	en-US-Wavenet-H	FEMALE
en-US	Premium	en-US	en-US-Wavenet-I	MALE
en-US	Premium	en-US	en-US-Wavenet-J	MALE
et-EE	Premium	et-EE	et-EE-Standard-A	MALE
fil-PH	Premium	fil-PH	fil-PH-Standard-A	FEMALE
fil-PH	Premium	fil-PH	fil-PH-Standard-B	FEMALE
fil-PH	Premium	fil-PH	fil-PH-Standard-C	MALE
fil-PH	Premium	fil-PH	fil-PH-Standard-D	MALE
fil-PH	Premium	fil-PH	fil-PH-Wavenet-A	FEMALE
fil-PH	Premium	fil-PH	fil-PH-Wavenet-B	FEMALE
fil-PH	Premium	fil-PH	fil-PH-Wavenet-C	MALE
fil-PH	Premium	fil-PH	fil-PH-Wavenet-D	MALE
fil-PH	Premium	fil-PH	fil-ph-Neural2-A	FEMALE
fil-PH	Premium	fil-PH	fil-ph-Neural2-D	MALE
fi-FI	Premium	fi-FI	fi-FI-Standard-B	FEMALE
fi-FI	Premium	fi-FI	fi-FI-Wavenet-B	FEMALE
fr-CA	Premium	fr-CA	fr-CA-Chirp-HD-D	MALE
fr-CA	Premium	fr-CA	fr-CA-Chirp-HD-F	FEMALE
fr-CA	Premium	fr-CA	fr-CA-Chirp-HD-O	FEMALE
fr-CA	Premium	fr-CA	fr-CA-Neural2-A	FEMALE
fr-CA	Premium	fr-CA	fr-CA-Neural2-B	MALE
fr-CA	Premium	fr-CA	fr-CA-Neural2-C	FEMALE
fr-CA	Premium	fr-CA	fr-CA-Neural2-D	MALE
fr-CA	Premium	fr-CA	fr-CA-Standard-A	FEMALE
fr-CA	Premium	fr-CA	fr-CA-Standard-B	MALE
fr-CA	Premium	fr-CA	fr-CA-Standard-C	FEMALE
fr-CA	Premium	fr-CA	fr-CA-Standard-D	MALE
fr-CA	Premium	fr-CA	fr-CA-Wavenet-A	FEMALE
fr-CA	Premium	fr-CA	fr-CA-Wavenet-B	MALE
fr-CA	Premium	fr-CA	fr-CA-Wavenet-C	FEMALE
fr-CA	Premium	fr-CA	fr-CA-Wavenet-D	MALE
fr-FR	Premium	fr-FR	fr-FR-Chirp-HD-D	MALE
fr-FR	Premium	fr-FR	fr-FR-Chirp-HD-F	FEMALE
fr-FR	Premium	fr-FR	fr-FR-Chirp-HD-O	FEMALE
fr-FR	Premium	fr-FR	fr-FR-Neural2-F	FEMALE
fr-FR	Premium	fr-FR	fr-FR-Neural2-G	MALE
fr-FR	Premium	fr-FR	fr-FR-Polyglot-1	MALE
fr-FR	Premium	fr-FR	fr-FR-Standard-F	FEMALE
fr-FR	Premium	fr-FR	fr-FR-Standard-G	MALE
fr-FR	Premium	fr-FR	fr-FR-Studio-A	FEMALE
fr-FR	Premium	fr-FR	fr-FR-Studio-D	MALE
fr-FR	Premium	fr-FR	fr-FR-Wavenet-F	FEMALE
fr-FR	Premium	fr-FR	fr-FR-Wavenet-G	MALE
de-DE	Premium	de-DE	de-DE-Chirp-HD-D	MALE
de-DE	Premium	de-DE	de-DE-Chirp-HD-F	FEMALE
de-DE	Premium	de-DE	de-DE-Chirp-HD-O	FEMALE
de-DE	Premium	de-DE	de-DE-Neural2-G	FEMALE
de-DE	Premium	de-DE	de-DE-Neural2-H	MALE
de-DE	Premium	de-DE	de-DE-Polyglot-1	MALE
de-DE	Premium	de-DE	de-DE-Standard-G	FEMALE
de-DE	Premium	de-DE	de-DE-Standard-H	MALE
de-DE	Premium	de-DE	de-DE-Studio-B	MALE
de-DE	Premium	de-DE	de-DE-Studio-C	FEMALE
de-DE	Premium	de-DE	de-DE-Wavenet-G	FEMALE
de-DE	Premium	de-DE	de-DE-Wavenet-H	MALE
el-GR	Premium	el-GR	el-GR-Standard-B	FEMALE
el-GR	Premium	el-GR	el-GR-Wavenet-B	FEMALE
gl-ES	Premium	gl-ES	gl-ES-Standard-B	FEMALE
gu-IN	Premium	gu-IN	gu-IN-Standard-A	FEMALE
gu-IN	Premium	gu-IN	gu-IN-Standard-B	MALE
gu-IN	Premium	gu-IN	gu-IN-Standard-C	FEMALE
gu-IN	Premium	gu-IN	gu-IN-Standard-D	MALE
gu-IN	Premium	gu-IN	gu-IN-Wavenet-A	FEMALE
gu-IN	Premium	gu-IN	gu-IN-Wavenet-B	MALE
gu-IN	Premium	gu-IN	gu-IN-Wavenet-C	FEMALE
gu-IN	Premium	gu-IN	gu-IN-Wavenet-D	MALE
he-IL	Premium	he-IL	he-IL-Standard-A	FEMALE
he-IL	Premium	he-IL	he-IL-Standard-B	MALE
he-IL	Premium	he-IL	he-IL-Standard-C	FEMALE
he-IL	Premium	he-IL	he-IL-Standard-D	MALE
he-IL	Premium	he-IL	he-IL-Wavenet-A	FEMALE
he-IL	Premium	he-IL	he-IL-Wavenet-B	MALE
he-IL	Premium	he-IL	he-IL-Wavenet-C	FEMALE
he-IL	Premium	he-IL	he-IL-Wavenet-D	MALE
hi-IN	Premium	hi-IN	hi-IN-Neural2-A	FEMALE
hi-IN	Premium	hi-IN	hi-IN-Neural2-B	MALE
hi-IN	Premium	hi-IN	hi-IN-Neural2-C	MALE
hi-IN	Premium	hi-IN	hi-IN-Neural2-D	FEMALE
hi-IN	Premium	hi-IN	hi-IN-Standard-A	FEMALE
hi-IN	Premium	hi-IN	hi-IN-Standard-B	MALE
hi-IN	Premium	hi-IN	hi-IN-Standard-C	MALE
hi-IN	Premium	hi-IN	hi-IN-Standard-D	FEMALE
hi-IN	Premium	hi-IN	hi-IN-Standard-E	FEMALE
hi-IN	Premium	hi-IN	hi-IN-Standard-F	MALE
hi-IN	Premium	hi-IN	hi-IN-Wavenet-A	FEMALE
hi-IN	Premium	hi-IN	hi-IN-Wavenet-B	MALE
hi-IN	Premium	hi-IN	hi-IN-Wavenet-C	MALE
hi-IN	Premium	hi-IN	hi-IN-Wavenet-D	FEMALE
hi-IN	Premium	hi-IN	hi-IN-Wavenet-E	FEMALE
hi-IN	Premium	hi-IN	hi-IN-Wavenet-F	MALE
hu-HU	Premium	hu-HU	hu-HU-Standard-B	FEMALE
hu-HU	Premium	hu-HU	hu-HU-Wavenet-B	FEMALE
is-IS	Premium	is-IS	is-IS-Standard-B	FEMALE
id-ID	Premium	id-ID	id-ID-Standard-A	FEMALE
id-ID	Premium	id-ID	id-ID-Standard-B	MALE
id-ID	Premium	id-ID	id-ID-Standard-C	MALE
id-ID	Premium	id-ID	id-ID-Standard-D	FEMALE
id-ID	Premium	id-ID	id-ID-Wavenet-A	FEMALE
id-ID	Premium	id-ID	id-ID-Wavenet-B	MALE
id-ID	Premium	id-ID	id-ID-Wavenet-C	MALE
id-ID	Premium	id-ID	id-ID-Wavenet-D	FEMALE
it-IT	Premium	it-IT	it-IT-Chirp-HD-D	MALE
it-IT	Premium	it-IT	it-IT-Chirp-HD-F	FEMALE
it-IT	Premium	it-IT	it-IT-Chirp-HD-O	FEMALE
it-IT	Premium	it-IT	it-IT-Neural2-A	FEMALE
it-IT	Premium	it-IT	it-IT-Neural2-E	FEMALE
it-IT	Premium	it-IT	it-IT-Neural2-F	MALE
it-IT	Premium	it-IT	it-IT-Standard-E	FEMALE
it-IT	Premium	it-IT	it-IT-Standard-F	MALE
it-IT	Premium	it-IT	it-IT-Wavenet-E	FEMALE
it-IT	Premium	it-IT	it-IT-Wavenet-F	MALE
ja-JP	Premium	ja-JP	ja-JP-Neural2-B	FEMALE
ja-JP	Premium	ja-JP	ja-JP-Neural2-C	MALE
ja-JP	Premium	ja-JP	ja-JP-Neural2-D	MALE
ja-JP	Premium	ja-JP	ja-JP-Standard-A	FEMALE
ja-JP	Premium	ja-JP	ja-JP-Standard-B	FEMALE
ja-JP	Premium	ja-JP	ja-JP-Standard-C	MALE
ja-JP	Premium	ja-JP	ja-JP-Standard-D	MALE
ja-JP	Premium	ja-JP	ja-JP-Wavenet-A	FEMALE
ja-JP	Premium	ja-JP	ja-JP-Wavenet-B	FEMALE
ja-JP	Premium	ja-JP	ja-JP-Wavenet-C	MALE
ja-JP	Premium	ja-JP	ja-JP-Wavenet-D	MALE
kn-IN	Premium	kn-IN	kn-IN-Standard-A	FEMALE
kn-IN	Premium	kn-IN	kn-IN-Standard-B	MALE
kn-IN	Premium	kn-IN	kn-IN-Standard-C	FEMALE
kn-IN	Premium	kn-IN	kn-IN-Standard-D	MALE
kn-IN	Premium	kn-IN	kn-IN-Wavenet-A	FEMALE
kn-IN	Premium	kn-IN	kn-IN-Wavenet-B	MALE
kn-IN	Premium	kn-IN	kn-IN-Wavenet-C	FEMALE
kn-IN	Premium	kn-IN	kn-IN-Wavenet-D	MALE
ko-KR	Premium	ko-KR	ko-KR-Neural2-A	FEMALE
ko-KR	Premium	ko-KR	ko-KR-Neural2-B	FEMALE
ko-KR	Premium	ko-KR	ko-KR-Neural2-C	MALE
ko-KR	Premium	ko-KR	ko-KR-Standard-A	FEMALE
ko-KR	Premium	ko-KR	ko-KR-Standard-B	FEMALE
ko-KR	Premium	ko-KR	ko-KR-Standard-C	MALE
ko-KR	Premium	ko-KR	ko-KR-Standard-D	MALE
ko-KR	Premium	ko-KR	ko-KR-Wavenet-A	FEMALE
ko-KR	Premium	ko-KR	ko-KR-Wavenet-B	FEMALE
ko-KR	Premium	ko-KR	ko-KR-Wavenet-C	MALE
ko-KR	Premium	ko-KR	ko-KR-Wavenet-D	MALE
lv-LV	Premium	lv-LV	lv-LV-Standard-B	MALE
lt-LT	Premium	lt-LT	lt-LT-Standard-B	MALE
ms-MY	Premium	ms-MY	ms-MY-Standard-A	FEMALE
ms-MY	Premium	ms-MY	ms-MY-Standard-B	MALE
ms-MY	Premium	ms-MY	ms-MY-Standard-C	FEMALE
ms-MY	Premium	ms-MY	ms-MY-Standard-D	MALE
ms-MY	Premium	ms-MY	ms-MY-Wavenet-A	FEMALE
ms-MY	Premium	ms-MY	ms-MY-Wavenet-B	MALE
ms-MY	Premium	ms-MY	ms-MY-Wavenet-C	FEMALE
ms-MY	Premium	ms-MY	ms-MY-Wavenet-D	MALE
ml-IN	Premium	ml-IN	ml-IN-Standard-A	FEMALE
ml-IN	Premium	ml-IN	ml-IN-Standard-B	MALE
ml-IN	Premium	ml-IN	ml-IN-Standard-C	FEMALE
ml-IN	Premium	ml-IN	ml-IN-Standard-D	MALE
ml-IN	Premium	ml-IN	ml-IN-Wavenet-A	FEMALE
ml-IN	Premium	ml-IN	ml-IN-Wavenet-B	MALE
ml-IN	Premium	ml-IN	ml-IN-Wavenet-C	FEMALE
ml-IN	Premium	ml-IN	ml-IN-Wavenet-D	MALE
cmn-CN	Premium	cmn-CN	cmn-CN-Standard-A	FEMALE
cmn-CN	Premium	cmn-CN	cmn-CN-Standard-B	MALE
cmn-CN	Premium	cmn-CN	cmn-CN-Standard-C	MALE
cmn-CN	Premium	cmn-CN	cmn-CN-Standard-D	FEMALE
cmn-CN	Premium	cmn-CN	cmn-CN-Wavenet-A	FEMALE
cmn-CN	Premium	cmn-CN	cmn-CN-Wavenet-B	MALE
cmn-CN	Premium	cmn-CN	cmn-CN-Wavenet-C	MALE
cmn-CN	Premium	cmn-CN	cmn-CN-Wavenet-D	FEMALE
cmn-TW	Premium	cmn-TW	cmn-TW-Standard-A	FEMALE
cmn-TW	Premium	cmn-TW	cmn-TW-Standard-B	MALE
cmn-TW	Premium	cmn-TW	cmn-TW-Standard-C	MALE
cmn-TW	Premium	cmn-TW	cmn-TW-Wavenet-A	FEMALE
cmn-TW	Premium	cmn-TW	cmn-TW-Wavenet-B	MALE
cmn-TW	Premium	cmn-TW	cmn-TW-Wavenet-C	MALE
mr-IN	Premium	mr-IN	mr-IN-Standard-A	FEMALE
mr-IN	Premium	mr-IN	mr-IN-Standard-B	MALE
mr-IN	Premium	mr-IN	mr-IN-Standard-C	FEMALE
mr-IN	Premium	mr-IN	mr-IN-Wavenet-A	FEMALE
mr-IN	Premium	mr-IN	mr-IN-Wavenet-B	MALE
mr-IN	Premium	mr-IN	mr-IN-Wavenet-C	FEMALE
nb-NO	Premium	nb-NO	nb-NO-Standard-F	FEMALE
nb-NO	Premium	nb-NO	nb-NO-Standard-G	MALE
nb-NO	Premium	nb-NO	nb-NO-Wavenet-F	FEMALE
nb-NO	Premium	nb-NO	nb-NO-Wavenet-G	MALE
pl-PL	Premium	pl-PL	pl-PL-Standard-F	FEMALE
pl-PL	Premium	pl-PL	pl-PL-Standard-G	MALE
pl-PL	Premium	pl-PL	pl-PL-Wavenet-F	FEMALE
pl-PL	Premium	pl-PL	pl-PL-Wavenet-G	MALE
pt-BR	Premium	pt-BR	pt-BR-Neural2-A	FEMALE
pt-BR	Premium	pt-BR	pt-BR-Neural2-B	MALE
pt-BR	Premium	pt-BR	pt-BR-Neural2-C	FEMALE
pt-BR	Premium	pt-BR	pt-BR-Standard-A	FEMALE
pt-BR	Premium	pt-BR	pt-BR-Standard-B	MALE
pt-BR	Premium	pt-BR	pt-BR-Standard-C	FEMALE
pt-BR	Premium	pt-BR	pt-BR-Standard-D	FEMALE
pt-BR	Premium	pt-BR	pt-BR-Standard-E	MALE
pt-BR	Premium	pt-BR	pt-BR-Wavenet-A	FEMALE
pt-BR	Premium	pt-BR	pt-BR-Wavenet-B	MALE
pt-BR	Premium	pt-BR	pt-BR-Wavenet-C	FEMALE
pt-BR	Premium	pt-BR	pt-BR-Wavenet-D	FEMALE
pt-BR	Premium	pt-BR	pt-BR-Wavenet-E	MALE
pt-PT	Premium	pt-PT	pt-PT-Standard-E	FEMALE
pt-PT	Premium	pt-PT	pt-PT-Standard-F	MALE
pt-PT	Premium	pt-PT	pt-PT-Wavenet-E	FEMALE
pt-PT	Premium	pt-PT	pt-PT-Wavenet-F	MALE
pa-IN	Premium	pa-IN	pa-IN-Standard-A	FEMALE
pa-IN	Premium	pa-IN	pa-IN-Standard-B	MALE
pa-IN	Premium	pa-IN	pa-IN-Standard-C	FEMALE
pa-IN	Premium	pa-IN	pa-IN-Standard-D	MALE
pa-IN	Premium	pa-IN	pa-IN-Wavenet-A	FEMALE
pa-IN	Premium	pa-IN	pa-IN-Wavenet-B	MALE
pa-IN	Premium	pa-IN	pa-IN-Wavenet-C	FEMALE
pa-IN	Premium	pa-IN	pa-IN-Wavenet-D	MALE
ro-RO	Premium	ro-RO	ro-RO-Standard-B	FEMALE
ro-RO	Premium	ro-RO	ro-RO-Wavenet-B	FEMALE
ru-RU	Premium	ru-RU	ru-RU-Standard-A	FEMALE
ru-RU	Premium	ru-RU	ru-RU-Standard-B	MALE
ru-RU	Premium	ru-RU	ru-RU-Standard-C	FEMALE
ru-RU	Premium	ru-RU	ru-RU-Standard-D	MALE
ru-RU	Premium	ru-RU	ru-RU-Standard-E	FEMALE
ru-RU	Premium	ru-RU	ru-RU-Wavenet-A	FEMALE
ru-RU	Premium	ru-RU	ru-RU-Wavenet-B	MALE
ru-RU	Premium	ru-RU	ru-RU-Wavenet-C	FEMALE
ru-RU	Premium	ru-RU	ru-RU-Wavenet-D	MALE
ru-RU	Premium	ru-RU	ru-RU-Wavenet-E	FEMALE
sr-RS	Premium	sr-RS	sr-RS-Standard-B	FEMALE
sk-SK	Premium	sk-SK	sk-SK-Standard-B	FEMALE
sk-SK	Premium	sk-SK	sk-SK-Wavenet-B	FEMALE
es-ES	Premium	es-ES	es-ES-Chirp-HD-D	MALE
es-ES	Premium	es-ES	es-ES-Chirp-HD-F	FEMALE
es-ES	Premium	es-ES	es-ES-Chirp-HD-O	FEMALE
es-ES	Premium	es-ES	es-ES-Neural2-A	FEMALE
es-ES	Premium	es-ES	es-ES-Neural2-E	FEMALE
es-ES	Premium	es-ES	es-ES-Neural2-F	MALE
es-ES	Premium	es-ES	es-ES-Neural2-G	MALE
es-ES	Premium	es-ES	es-ES-Neural2-H	FEMALE
es-ES	Premium	es-ES	es-ES-Polyglot-1	MALE
es-ES	Premium	es-ES	es-ES-Standard-E	MALE
es-ES	Premium	es-ES	es-ES-Standard-F	FEMALE
es-ES	Premium	es-ES	es-ES-Standard-G	MALE
es-ES	Premium	es-ES	es-ES-Standard-H	FEMALE
es-ES	Premium	es-ES	es-ES-Studio-C	FEMALE
es-ES	Premium	es-ES	es-ES-Studio-F	MALE
es-ES	Premium	es-ES	es-ES-Wavenet-E	MALE
es-ES	Premium	es-ES	es-ES-Wavenet-F	FEMALE
es-ES	Premium	es-ES	es-ES-Wavenet-G	MALE
es-ES	Premium	es-ES	es-ES-Wavenet-H	FEMALE
es-US	Premium	es-US	es-US-Chirp-HD-D	MALE
es-US	Premium	es-US	es-US-Chirp-HD-F	FEMALE
es-US	Premium	es-US	es-US-Chirp-HD-O	FEMALE
es-US	Premium	es-US	es-US-Neural2-A	FEMALE
es-US	Premium	es-US	es-US-Neural2-B	MALE
es-US	Premium	es-US	es-US-Neural2-C	MALE
es-US	Premium	es-US	es-US-News-D	MALE
es-US	Premium	es-US	es-US-News-E	MALE
es-US	Premium	es-US	es-US-News-F	FEMALE
es-US	Premium	es-US	es-US-News-G	FEMALE
es-US	Premium	es-US	es-US-Polyglot-1	MALE
es-US	Premium	es-US	es-US-Standard-A	FEMALE
es-US	Premium	es-US	es-US-Standard-B	MALE
es-US	Premium	es-US	es-US-Standard-C	MALE
es-US	Premium	es-US	es-US-Studio-B	MALE
es-US	Premium	es-US	es-US-Wavenet-A	FEMALE
es-US	Premium	es-US	es-US-Wavenet-B	MALE
es-US	Premium	es-US	es-US-Wavenet-C	MALE
sv-SE	Premium	sv-SE	sv-SE-Standard-A	FEMALE
sv-SE	Premium	sv-SE	sv-SE-Standard-B	FEMALE
sv-SE	Premium	sv-SE	sv-SE-Standard-C	FEMALE
sv-SE	Premium	sv-SE	sv-SE-Standard-D	MALE
sv-SE	Premium	sv-SE	sv-SE-Standard-E	MALE
sv-SE	Premium	sv-SE	sv-SE-Standard-F	FEMALE
sv-SE	Premium	sv-SE	sv-SE-Standard-G	MALE
sv-SE	Premium	sv-SE	sv-SE-Wavenet-A	FEMALE
sv-SE	Premium	sv-SE	sv-SE-Wavenet-B	FEMALE
sv-SE	Premium	sv-SE	sv-SE-Wavenet-C	MALE
sv-SE	Premium	sv-SE	sv-SE-Wavenet-D	FEMALE
sv-SE	Premium	sv-SE	sv-SE-Wavenet-E	MALE
sv-SE	Premium	sv-SE	sv-SE-Wavenet-F	FEMALE
sv-SE	Premium	sv-SE	sv-SE-Wavenet-G	MALE
ta-IN	Premium	ta-IN	ta-IN-Standard-A	FEMALE
ta-IN	Premium	ta-IN	ta-IN-Standard-B	MALE
ta-IN	Premium	ta-IN	ta-IN-Standard-C	FEMALE
ta-IN	Premium	ta-IN	ta-IN-Standard-D	MALE
ta-IN	Premium	ta-IN	ta-IN-Wavenet-A	FEMALE
ta-IN	Premium	ta-IN	ta-IN-Wavenet-B	MALE
ta-IN	Premium	ta-IN	ta-IN-Wavenet-C	FEMALE
ta-IN	Premium	ta-IN	ta-IN-Wavenet-D	MALE
te-IN	Premium	te-IN	te-IN-Standard-A	FEMALE
te-IN	Premium	te-IN	te-IN-Standard-B	MALE
te-IN	Premium	te-IN	te-IN-Standard-C	FEMALE
te-IN	Premium	te-IN	te-IN-Standard-D	MALE
th-TH	Premium	th-TH	th-TH-Neural2-C	FEMALE
th-TH	Premium	th-TH	th-TH-Standard-A	FEMALE
tr-TR	Premium	tr-TR	tr-TR-Standard-A	FEMALE
tr-TR	Premium	tr-TR	tr-TR-Standard-B	MALE
tr-TR	Premium	tr-TR	tr-TR-Standard-C	FEMALE
tr-TR	Premium	tr-TR	tr-TR-Standard-D	FEMALE
tr-TR	Premium	tr-TR	tr-TR-Standard-E	MALE
tr-TR	Premium	tr-TR	tr-TR-Wavenet-A	FEMALE
tr-TR	Premium	tr-TR	tr-TR-Wavenet-B	MALE
tr-TR	Premium	tr-TR	tr-TR-Wavenet-C	FEMALE
tr-TR	Premium	tr-TR	tr-TR-Wavenet-D	FEMALE
tr-TR	Premium	tr-TR	tr-TR-Wavenet-E	MALE
uk-UA	Premium	uk-UA	uk-UA-Standard-B	FEMALE
uk-UA	Premium	uk-UA	uk-UA-Wavenet-B	FEMALE
ur-IN	Premium	ur-IN	ur-IN-Standard-A	FEMALE
ur-IN	Premium	ur-IN	ur-IN-Standard-B	MALE
ur-IN	Premium	ur-IN	ur-IN-Wavenet-A	FEMALE
ur-IN	Premium	ur-IN	ur-IN-Wavenet-B	MALE
vi-VN	Premium	vi-VN	vi-VN-Neural2-A	FEMALE
vi-VN	Premium	vi-VN	vi-VN-Neural2-D	MALE
vi-VN	Premium	vi-VN	vi-VN-Standard-A	FEMALE
vi-VN	Premium	vi-VN	vi-VN-Standard-B	MALE
vi-VN	Premium	vi-VN	vi-VN-Standard-C	FEMALE
vi-VN	Premium	vi-VN	vi-VN-Standard-D	MALE
vi-VN	Premium	vi-VN	vi-VN-Wavenet-A	FEMALE
vi-VN	Premium	vi-VN	vi-VN-Wavenet-B	MALE
vi-VN	Premium	vi-VN	vi-VN-Wavenet-C	FEMALE
vi-VN	Premium	vi-VN	vi-VN-Wavenet-D	MALE
eu-ES	Premium	eu-ES	eu-ES-Standard-B	FEMALE
